ref,timestamp,merchant,category,counterparty,is_consumption_spend
601665004060,2025-10-01T09:17,BISWAJIT PAL,transfer_from_person,person,0
571464199265,2025-10-03T08:33,SANCHITA DAS,allowance,person,0
694145657040,2025-10-03T12:29,AUTO STAND,transport,merchant,1
636248020515,2025-10-03T12:36,MAA TARA TEA STALL,campus_food,merchant,1
657744242765,2025-10-03T16:17,AUTO STAND,transport,merchant,1
650194092838,2025-10-04T17:10,MOMO CORNER,campus_food,merchant,1
695426924827,2025-10-04T18:52,PVR LTD,outing,merchant,1
686510505038,2025-10-04T21:07,SAYAN MONDAL,transfer_to_person,person,1
510455087202,2025-10-06T14:28,MOMO CORNER,campus_food,merchant,1
602273575436,2025-10-07T07:20,BABLU SK,transport,person,1
514485534617,2025-10-07T10:57,MAA TARA TEA STALL,campus_food,merchant,1
618658725091,2025-10-07T12:30,SCHOOL CANTEEN,campus_food,merchant,1
630514132534,2025-10-07T15:47,SAMIR ALI,transport,person,1
512479957284,2025-10-08T10:34,MAA TARA TEA STALL,campus_food,merchant,1
637025022910,2025-10-08T14:19,RAJU MAHATO,transport,person,1
506135104839,2025-10-08T14:59,PHUCHKA DADA,campus_food,merchant,1
620227118340,2025-10-09T11:15,STYLE SALON,other,merchant,1
658118015298,2025-10-10T12:59,MAA TARA TEA STALL,campus_food,merchant,1
636567715598,2025-10-13T07:13,AUTO STAND,transport,merchant,1
645256872059,2025-10-13T13:59,RAJU MAHATO,transport,person,1
536164054621,2025-10-14T16:19,MAA TARA TEA STALL,campus_food,merchant,1
523579198555,2025-10-14T17:58,MOMO CORNER,campus_food,merchant,1
671803914418,2025-10-14T18:49,SAMIR ALI,transport,person,1
522709797200,2025-10-15T09:27,AUTO STAND,transport,merchant,1
627917068087,2025-10-15T15:49,XEROX AND STATIONERY,education,merchant,1
653670665422,2025-10-15T16:48,PHUCHKA DADA,campus_food,merchant,1
687793404649,2025-10-16T10:27,RAJU MAHATO,transport,person,1
661016652665,2025-10-16T14:47,ROLL CENTRE,campus_food,merchant,1
693530855528,2025-10-16T14:57,MAA TARA TEA STALL,campus_food,merchant,1
518247568144,2025-10-17T13:29,MAA TARA TEA STALL,campus_food,merchant,1
550239210284,2025-10-17T17:46,SWIGGY,food_delivery,merchant,1
686620249271,2025-10-17T18:07,BABLU SK,transport,person,1
566201261900,2025-10-18T13:09,JIO PREPAID,recharge_bills,merchant,1
517301484296,2025-10-19T10:48,TAPAN DAS,transfer_from_person,person,0
551505102386,2025-10-19T16:35,CAFE COFFEE DAY,outing,merchant,1
656626544163,2025-10-19T19:42,ARKA GHOSH,transfer_to_person,person,1
515819018529,2025-10-21T11:04,TAPAN DAS,transfer_from_person,person,0
505180970588,2025-10-22T10:41,RAPIDO,transport,merchant,1
610942105611,2025-10-22T11:41,MOMO CORNER,campus_food,merchant,1
650607098462,2025-10-22T14:39,SAMIR ALI,transport,person,1
580810605678,2025-10-22T15:00,MAA TARA TEA STALL,campus_food,merchant,1
549425839812,2025-10-23T12:04,SCHOOL CANTEEN,campus_food,merchant,1
677610279942,2025-10-23T17:14,RAPIDO,transport,merchant,1
644937248089,2025-10-23T18:27,BABLU SK,transport,person,1
580847985708,2025-10-24T17:13,SAMIR ALI,transport,person,1
551372603365,2025-10-26T11:26,ATM,cash_withdrawal,self,1
611230471728,2025-10-26T16:36,PVR LTD,outing,merchant,1
581320895242,2025-10-26T19:16,PRIYA SAHA,transfer_to_person,person,1
618618685928,2025-10-28T10:05,MAA TARA TEA STALL,campus_food,merchant,1
650641767116,2025-10-28T13:09,AUTO STAND,transport,merchant,1
551113114337,2025-10-28T18:20,SBSTC BUS,transport,merchant,1
587092419296,2025-10-29T11:02,RAPIDO,transport,merchant,1
586445489312,2025-10-30T09:39,XEROX AND STATIONERY,education,merchant,1
648019626038,2025-10-30T10:13,RAPIDO,transport,merchant,1
619607819748,2025-10-30T11:24,MAA TARA TEA STALL,campus_food,merchant,1
680370081114,2025-10-30T13:57,SCHOOL CANTEEN,campus_food,merchant,1
594263480847,2025-10-30T15:14,AUTO STAND,transport,merchant,1
679439761724,2025-10-31T10:00,SAMIR ALI,transport,person,1
681587539292,2025-10-31T14:32,MAA TARA TEA STALL,campus_food,merchant,1
638609285392,2025-10-31T15:19,SBSTC BUS,transport,merchant,1
512268871586,2025-11-02T19:25,BLINKIT,groceries_snacks,merchant,1
586757979128,2025-11-03T07:54,RAJU MAHATO,transport,person,1
527309375255,2025-11-03T10:05,SANCHITA DAS,allowance,person,0
661810815374,2025-11-03T11:34,ROLL CENTRE,campus_food,merchant,1
577362355889,2025-11-03T15:17,SBSTC BUS,transport,merchant,1
524270341923,2025-11-04T07:52,BABLU SK,transport,person,1
590835539320,2025-11-04T12:46,SCHOOL CANTEEN,campus_food,merchant,1
668866370335,2025-11-05T11:59,MAA TARA TEA STALL,campus_food,merchant,1
535209701843,2025-11-05T15:55,AUTO STAND,transport,merchant,1
604008295976,2025-11-06T13:47,MAA TARA TEA STALL,campus_food,merchant,1
648464785529,2025-11-07T08:30,RAJU MAHATO,transport,person,1
578454834954,2025-11-07T11:16,SCHOOL CANTEEN,campus_food,merchant,1
540269331271,2025-11-07T15:31,MAA TARA TEA STALL,campus_food,merchant,1
661185641331,2025-11-10T09:43,BABLU SK,transport,person,1
585452013873,2025-11-10T17:36,SCHOOL CANTEEN,campus_food,merchant,1
606468246957,2025-11-11T08:13,BABLU SK,transport,person,1
581094873549,2025-11-11T17:34,SCHOOL CANTEEN,campus_food,merchant,1
559292797931,2025-11-12T11:15,SAMIR ALI,transport,person,1
645664595567,2025-11-12T16:23,SBSTC BUS,transport,merchant,1
664354329568,2025-11-12T21:38,GOOGLE PLAY,gaming,merchant,1
552444870094,2025-11-13T11:03,BABLU SK,transport,person,1
597260061137,2025-11-13T11:52,SBSTC BUS,transport,merchant,1
653241254186,2025-11-13T13:42,MAA TARA TEA STALL,campus_food,merchant,1
583683886172,2025-11-13T15:18,ATM,cash_withdrawal,self,1
505244597109,2025-11-13T18:46,PHUCHKA DADA,campus_food,merchant,1
526227482367,2025-11-14T11:01,AUTO STAND,transport,merchant,1
683529785728,2025-11-14T11:37,MAA TARA TEA STALL,campus_food,merchant,1
682413957009,2025-11-14T14:12,SBSTC BUS,transport,merchant,1
505096405988,2025-11-14T16:23,PHUCHKA DADA,campus_food,merchant,1
632045342615,2025-11-15T16:23,JIO PREPAID,recharge_bills,merchant,1
540419515292,2025-11-16T19:30,MOMO CORNER,campus_food,merchant,1
650915359657,2025-11-16T19:37,LOCAL GENERAL STORE,groceries_snacks,merchant,1
557552031454,2025-11-19T08:13,RAJU MAHATO,transport,person,1
682181369553,2025-11-19T13:52,MAA TARA TEA STALL,campus_food,merchant,1
594969346261,2025-11-19T17:09,SBSTC BUS,transport,merchant,1
550073293692,2025-11-20T13:51,MAA TARA TEA STALL,campus_food,merchant,1
599214224851,2025-11-21T09:56,SBSTC BUS,transport,merchant,1
596401053921,2025-11-21T11:21,SAMIR ALI,transport,person,1
596266813339,2025-11-21T13:30,SCHOOL CANTEEN,campus_food,merchant,1
523475853688,2025-11-21T17:16,MAA TARA TEA STALL,campus_food,merchant,1
592424725398,2025-11-22T15:28,ATM,cash_withdrawal,self,1
648243442965,2025-11-22T16:49,THE BREW ROOM,outing,merchant,1
665834608855,2025-11-24T12:48,MAA TARA TEA STALL,campus_food,merchant,1
665652081135,2025-11-25T13:12,RAJU MAHATO,transport,person,1
549533313044,2025-11-25T15:37,MAA TARA TEA STALL,campus_food,merchant,1
556135005723,2025-11-26T16:36,XEROX AND STATIONERY,education,merchant,1
665853272879,2025-11-26T17:19,SBSTC BUS,transport,merchant,1
527215455825,2025-11-26T17:31,SBSTC BUS,transport,merchant,1
653784839999,2025-11-27T10:43,GOPAL BAURI,transport,person,1
674824519190,2025-11-27T16:56,ROLL CENTRE,campus_food,merchant,1
502975142577,2025-11-27T17:45,RAJU MAHATO,transport,person,1
632659373845,2025-11-28T07:21,SBSTC BUS,transport,merchant,1
592189601094,2025-11-28T09:15,SBSTC BUS,transport,merchant,1
596014739508,2025-11-29T17:17,MALL FOOD COURT,outing,merchant,1
681611008026,2025-11-30T20:14,RIK BANERJEE,transfer_from_person,person,0
515068557157,2025-12-01T15:44,SBSTC BUS,transport,merchant,1
580612293014,2025-12-01T18:32,AUTO STAND,transport,merchant,1
503043527187,2025-12-02T08:58,SANCHITA DAS,allowance,person,0
623342535933,2025-12-02T10:41,MAA TARA TEA STALL,campus_food,merchant,1
588373934874,2025-12-02T12:13,SAMIR ALI,transport,person,1
572385959683,2025-12-02T16:21,SBSTC BUS,transport,merchant,1
640750525973,2025-12-03T15:49,MAA TARA TEA STALL,campus_food,merchant,1
625835734080,2025-12-03T17:07,GOPAL BAURI,transport,person,1
504471258315,2025-12-03T17:34,SAMIR ALI,transport,person,1
515219207977,2025-12-04T11:24,MAA TARA TEA STALL,campus_food,merchant,1
672458768744,2025-12-04T15:49,SWIGGY,food_delivery,merchant,1
575634138477,2025-12-05T11:13,GOPAL BAURI,transport,person,1
597642702537,2025-12-05T13:39,MAA TARA TEA STALL,campus_food,merchant,1
509116438966,2025-12-06T20:26,GOOGLE PLAY,gaming,merchant,1
504737025268,2025-12-08T10:45,MAA TARA TEA STALL,campus_food,merchant,1
557964960721,2025-12-08T14:55,SCHOOL CANTEEN,campus_food,merchant,1
632952666810,2025-12-08T17:19,BABLU SK,transport,person,1
678338725684,2025-12-08T19:18,ZOMATO,food_delivery,merchant,1
542804850875,2025-12-09T11:51,GOPAL BAURI,transport,person,1
540739390010,2025-12-09T13:56,ROLL CENTRE,campus_food,merchant,1
531286324626,2025-12-09T14:39,MAA TARA TEA STALL,campus_food,merchant,1
623943422284,2025-12-09T14:57,SBSTC BUS,transport,merchant,1
681747715239,2025-12-10T07:27,SAMIR ALI,transport,person,1
684656762284,2025-12-10T18:05,MOMO CORNER,campus_food,merchant,1
538896889788,2025-12-11T10:28,MAA TARA TEA STALL,campus_food,merchant,1
666427571459,2025-12-11T11:48,STYLE SALON,other,merchant,1
594851691339,2025-12-11T11:50,BABLU SK,transport,person,1
512169018187,2025-12-11T14:21,MOMO CORNER,campus_food,merchant,1
611749296217,2025-12-11T18:59,SWIGGY,food_delivery,merchant,1
587203120648,2025-12-12T14:56,ROLL CENTRE,campus_food,merchant,1
692188215689,2025-12-12T15:22,JIO,recharge_bills,merchant,1
504767007131,2025-12-12T17:51,RAJU MAHATO,transport,person,1
620281239622,2025-12-12T18:21,GOPAL BAURI,transport,person,1
591241983025,2025-12-13T08:47,JIO PREPAID,recharge_bills,merchant,1
638362235255,2025-12-14T17:47,STYLE SALON,other,merchant,1
543001182579,2025-12-14T21:06,ZOMATO,food_delivery,merchant,1
663243439108,2025-12-15T17:08,RAJU MAHATO,transport,person,1
512789560472,2025-12-15T18:28,SAMIR ALI,transport,person,1
565128494447,2025-12-16T12:57,SBSTC BUS,transport,merchant,1
533971072695,2025-12-16T15:11,SBSTC BUS,transport,merchant,1
516302815264,2025-12-16T16:20,ZEPTO,groceries_snacks,merchant,1
532498338520,2025-12-17T10:12,MAA TARA TEA STALL,campus_food,merchant,1
557800481153,2025-12-17T13:34,SAMIR ALI,transport,person,1
548961522217,2025-12-17T14:21,ROLL CENTRE,campus_food,merchant,1
669120117591,2025-12-17T14:26,RAJU MAHATO,transport,person,1
501545409052,2025-12-17T14:39,MYNTRA,shopping,merchant,1
597313398803,2025-12-18T16:56,RAPIDO,transport,merchant,1
681436968193,2025-12-19T10:30,GOPAL BAURI,transport,person,1
640566117824,2025-12-19T13:36,SCHOOL CANTEEN,campus_food,merchant,1
621197136362,2025-12-19T15:52,GOPAL BAURI,transport,person,1
608778850517,2025-12-20T19:32,BLINKIT,groceries_snacks,merchant,1
538136362469,2025-12-22T13:25,SWIGGY,food_delivery,merchant,1
556163652937,2025-12-22T17:10,MAA TARA TEA STALL,campus_food,merchant,1
594833230066,2025-12-23T11:29,BISWAJIT PAL,transfer_from_person,person,0
601548170431,2025-12-24T13:54,JIO,recharge_bills,merchant,1
646250239514,2025-12-27T17:07,SWIGGY,food_delivery,merchant,1
599397954560,2025-12-28T01:34,BANK,other,bank,0
674692620109,2025-12-29T12:07,GOPAL BAURI,transport,person,1
639753224885,2025-12-29T16:24,AUTO STAND,transport,merchant,1
605238134677,2025-12-30T03:49,BANK,other,bank,0
685824397134,2025-12-30T11:29,RAJU MAHATO,transport,person,1
586077614924,2025-12-30T17:41,GOPAL BAURI,transport,person,1
649084337637,2026-01-01T20:18,MOMO CORNER,campus_food,merchant,1
650126873617,2026-01-02T08:06,SBSTC BUS,transport,merchant,1
676393885238,2026-01-02T09:20,SANCHITA DAS,allowance,person,0
531924142578,2026-01-02T14:46,STYLE SALON,other,merchant,1
517075601421,2026-01-02T15:53,MOMO CORNER,campus_food,merchant,1
532151001653,2026-01-03T19:06,THE BREW ROOM,outing,merchant,1
650452378700,2026-01-03T20:17,PRIYA SAHA,transfer_to_person,person,1
516288129484,2026-01-05T11:42,SCHOOL CANTEEN,campus_food,merchant,1
575378094790,2026-01-06T16:19,GOPAL BAURI,transport,person,1
616613782168,2026-01-06T16:44,MOMO CORNER,campus_food,merchant,1
699954387255,2026-01-06T17:21,RAJU MAHATO,transport,person,1
611929820638,2026-01-07T12:13,PHUCHKA DADA,campus_food,merchant,1
614993055989,2026-01-07T13:15,SBSTC BUS,transport,merchant,1
536946236746,2026-01-08T10:10,AUTO STAND,transport,merchant,1
668770467357,2026-01-08T12:53,MAA TARA TEA STALL,campus_food,merchant,1
652004766986,2026-01-08T13:11,SBSTC BUS,transport,merchant,1
522547307728,2026-01-08T17:08,SCHOOL CANTEEN,campus_food,merchant,1
573485013526,2026-01-09T13:47,MAA TARA TEA STALL,campus_food,merchant,1
674523830703,2026-01-10T11:03,JIO PREPAID,recharge_bills,merchant,1
688269327684,2026-01-11T15:50,ZOMATO,food_delivery,merchant,1
652905852065,2026-01-11T20:00,PHUCHKA DADA,campus_food,merchant,1
583925988045,2026-01-11T20:44,BLINKIT,groceries_snacks,merchant,1
553255015524,2026-01-12T08:57,SBSTC BUS,transport,merchant,1
644295227023,2026-01-12T12:01,MAA TARA TEA STALL,campus_food,merchant,1
691877616757,2026-01-12T17:57,AUTO STAND,transport,merchant,1
628380650777,2026-01-13T14:46,GOPAL BAURI,transport,person,1
569082133490,2026-01-13T16:02,SCHOOL CANTEEN,campus_food,merchant,1
514545319950,2026-01-13T18:34,SBSTC BUS,transport,merchant,1
557520718864,2026-01-14T15:37,MAA TARA TEA STALL,campus_food,merchant,1
658299451119,2026-01-15T08:09,SBSTC BUS,transport,merchant,1
621201936074,2026-01-16T08:01,BABLU SK,transport,person,1
626009260139,2026-01-16T16:07,MAA TARA TEA STALL,campus_food,merchant,1
624285770494,2026-01-16T17:20,SCHOOL CANTEEN,campus_food,merchant,1
664230576450,2026-01-17T16:30,PHUCHKA DADA,campus_food,merchant,1
575047575293,2026-01-17T23:54,ANKITA ROY,transfer_from_person,person,0
574542402204,2026-01-19T10:43,BABLU SK,transport,person,1
579036960610,2026-01-19T14:25,MAA TARA TEA STALL,campus_food,merchant,1
554115894632,2026-01-19T15:18,SAMIR ALI,transport,person,1
609258990367,2026-01-20T08:36,SBSTC BUS,transport,merchant,1
647531413550,2026-01-20T13:06,MAA TARA TEA STALL,campus_food,merchant,1
612290347600,2026-01-20T13:34,GOPAL BAURI,transport,person,1
684836181707,2026-01-21T13:10,BABLU SK,transport,person,1
501971016962,2026-01-21T13:18,ROLL CENTRE,campus_food,merchant,1
522465847805,2026-01-21T17:16,SBSTC BUS,transport,merchant,1
505070696130,2026-01-22T10:12,BISWAJIT PAL,transfer_from_person,person,0
583220826076,2026-01-22T17:31,STYLE SALON,other,merchant,1
694150917366,2026-01-22T19:40,LOCAL GENERAL STORE,groceries_snacks,merchant,1
529277600852,2026-01-23T18:03,INOX LEISURE,outing,merchant,1
622915859881,2026-01-24T17:53,BLINKIT,groceries_snacks,merchant,1
655507147919,2026-01-25T14:45,BLINKIT,refund,merchant,0
637338397875,2026-01-25T17:15,CAFE COFFEE DAY,outing,merchant,1
595267529872,2026-01-26T14:51,MAA TARA TEA STALL,campus_food,merchant,1
545829658935,2026-01-26T15:57,SCHOOL CANTEEN,campus_food,merchant,1
606118801755,2026-01-27T12:34,AUTO STAND,transport,merchant,1
671903743997,2026-01-27T13:00,PHUCHKA DADA,campus_food,merchant,1
538931467799,2026-01-29T10:17,XEROX AND STATIONERY,education,merchant,1
563835881239,2026-01-29T10:49,RAJU MAHATO,transport,person,1
611503132744,2026-01-29T17:32,GOPAL BAURI,transport,person,1
699621674136,2026-01-29T19:53,STYLE SALON,other,merchant,1
553634655585,2026-01-30T08:26,AUTO STAND,transport,merchant,1
500723670202,2026-01-30T10:37,MAA TARA TEA STALL,campus_food,merchant,1
566082093547,2026-01-30T12:25,AUTO STAND,transport,merchant,1
576239572529,2026-01-30T12:35,XEROX AND STATIONERY,education,merchant,1
663873605714,2026-02-01T20:35,LOCAL GENERAL STORE,groceries_snacks,merchant,1
623286464225,2026-02-02T09:31,SANCHITA DAS,allowance,person,0
578810466400,2026-02-02T09:42,BABLU SK,transport,person,1
535991697414,2026-02-02T18:26,BABLU SK,transport,person,1
636123207942,2026-02-03T12:24,MAA TARA TEA STALL,campus_food,merchant,1
521118987242,2026-02-03T14:45,MOMO CORNER,campus_food,merchant,1
507413443466,2026-02-04T16:18,SBSTC BUS,transport,merchant,1
623524067938,2026-02-04T18:45,LOCAL GENERAL STORE,groceries_snacks,merchant,1
539111106787,2026-02-05T07:59,RAPIDO,transport,merchant,1
657287385424,2026-02-05T11:22,MAA TARA TEA STALL,campus_food,merchant,1
546565951457,2026-02-05T12:18,ROLL CENTRE,campus_food,merchant,1
615340729660,2026-02-06T11:51,MAA TARA TEA STALL,campus_food,merchant,1
698871294710,2026-02-06T14:17,BABLU SK,transport,person,1
556379905824,2026-02-07T16:58,CAFE COFFEE DAY,outing,merchant,1
538350743994,2026-02-07T19:37,PRIYA SAHA,transfer_to_person,person,1
502907854462,2026-02-07T22:55,JIO PREPAID,recharge_bills,merchant,1
567793801426,2026-02-08T15:58,ATM,cash_withdrawal,self,1
629904267845,2026-02-08T18:16,LOCAL GARMENTS,shopping,merchant,1
678331879531,2026-02-09T15:38,MAA TARA TEA STALL,campus_food,merchant,1
598593962246,2026-02-09T18:56,MOMO CORNER,campus_food,merchant,1
647379749793,2026-02-10T13:39,MAA TARA TEA STALL,campus_food,merchant,1
642191180066,2026-02-11T10:47,AUTO STAND,transport,merchant,1
621986267251,2026-02-11T12:52,SAMIR ALI,transport,person,1
512731776590,2026-02-11T17:07,MAA TARA TEA STALL,campus_food,merchant,1
627838338731,2026-02-11T17:39,SCHOOL CANTEEN,campus_food,merchant,1
553159027210,2026-02-12T08:34,SBSTC BUS,transport,merchant,1
634703172917,2026-02-12T10:07,RAJU MAHATO,transport,person,1
601796857736,2026-02-12T11:17,SCHOOL CANTEEN,campus_food,merchant,1
516728798122,2026-02-12T15:19,MAA TARA TEA STALL,campus_food,merchant,1
589684099202,2026-02-13T10:21,XEROX AND STATIONERY,education,merchant,1
592621801843,2026-02-13T11:23,MAA TARA TEA STALL,campus_food,merchant,1
658879786392,2026-02-13T12:41,JIO,recharge_bills,merchant,1
600970860466,2026-02-13T13:40,SCHOOL CANTEEN,campus_food,merchant,1
693844026386,2026-02-13T15:17,AUTO STAND,transport,merchant,1
692939616669,2026-02-15T10:31,STYLE SALON,other,merchant,1
508769506292,2026-02-15T21:52,SAYAN MONDAL,transfer_from_person,person,0
623924830897,2026-02-17T13:16,SCHOOL CANTEEN,campus_food,merchant,1
560969188516,2026-02-18T13:09,SAMIR ALI,transport,person,1
588298044110,2026-02-18T14:09,SCHOOL CANTEEN,campus_food,merchant,1
504283659928,2026-02-18T23:36,SWIGGY,food_delivery,merchant,1
595622263907,2026-02-19T13:49,SBSTC BUS,transport,merchant,1
681317254163,2026-02-20T11:45,MAA TARA TEA STALL,campus_food,merchant,1
512984683771,2026-02-20T13:19,SBSTC BUS,transport,merchant,1
579914506405,2026-02-21T17:03,INOX LEISURE,outing,merchant,1
647540767785,2026-02-21T20:20,RIK BANERJEE,transfer_from_person,person,0
515399024664,2026-02-21T22:36,SOUMYADEEP DEY,transfer_to_person,person,1
515277153559,2026-02-23T12:13,ROLL CENTRE,campus_food,merchant,1
557855044381,2026-02-23T14:33,MAA TARA TEA STALL,campus_food,merchant,1
661825372079,2026-02-24T18:49,ZEPTO,groceries_snacks,merchant,1
579524832629,2026-02-24T19:27,JIO,recharge_bills,merchant,1
514790142007,2026-02-25T13:03,SCHOOL CANTEEN,campus_food,merchant,1
666741406763,2026-02-25T15:31,AUTO STAND,transport,merchant,1
606578382993,2026-02-25T17:08,GOPAL BAURI,transport,person,1
577630732959,2026-02-25T20:03,SANCHITA DAS,transfer_from_person,person,0
582472308793,2026-02-26T10:57,BABLU SK,transport,person,1
666317457556,2026-02-26T15:59,XEROX AND STATIONERY,education,merchant,1
618766627011,2026-02-27T10:29,MAA TARA TEA STALL,campus_food,merchant,1
609994384257,2026-02-27T12:39,RAPIDO,transport,merchant,1
587082860333,2026-02-27T12:46,AUTO STAND,transport,merchant,1
609179611378,2026-02-27T17:35,SWIGGY,food_delivery,merchant,1
661510117319,2026-03-01T17:21,ROLL CENTRE,campus_food,merchant,1
521096637110,2026-03-02T07:17,SBSTC BUS,transport,merchant,1
596084329414,2026-03-02T07:32,SANCHITA DAS,allowance,person,0
560096774485,2026-03-02T09:02,AUTO STAND,transport,merchant,1
608816323794,2026-03-02T16:49,MAA TARA TEA STALL,campus_food,merchant,1
565432878204,2026-03-02T20:28,SAYAN MONDAL,transfer_from_person,person,0
554420359642,2026-03-03T11:06,MEESHO,shopping,merchant,1
618705827120,2026-03-04T22:23,PRIYA SAHA,transfer_from_person,person,0
510095976407,2026-03-05T12:01,MAA TARA TEA STALL,campus_food,merchant,1
605801922781,2026-03-05T12:32,SAMIR ALI,transport,person,1
555399264797,2026-03-05T16:00,RAPIDO,transport,merchant,1
517197739651,2026-03-05T22:40,ZOMATO,food_delivery,merchant,1
635977756066,2026-03-06T10:40,MAA TARA TEA STALL,campus_food,merchant,1
622916102691,2026-03-06T13:56,SAMIR ALI,transport,person,1
668620052609,2026-03-06T17:01,GOPAL BAURI,transport,person,1
672843571270,2026-03-06T17:43,SCHOOL CANTEEN,campus_food,merchant,1
640435872729,2026-03-06T20:25,ZOMATO,food_delivery,merchant,1
577653999612,2026-03-07T18:33,ZOMATO,refund,merchant,0
622120460628,2026-03-07T19:14,JIO PREPAID,recharge_bills,merchant,1
653983627113,2026-03-09T09:46,XEROX AND STATIONERY,education,merchant,1
653320260162,2026-03-09T10:45,MAA TARA TEA STALL,campus_food,merchant,1
582757081290,2026-03-09T15:09,RAPIDO,transport,merchant,1
595842896804,2026-03-10T07:09,RAJU MAHATO,transport,person,1
628887766521,2026-03-10T16:57,SCHOOL CANTEEN,campus_food,merchant,1
585011793666,2026-03-11T13:41,SBSTC BUS,transport,merchant,1
650197913450,2026-03-11T17:25,BABLU SK,transport,person,1
686891494015,2026-03-12T14:55,GOPAL BAURI,transport,person,1
559937200855,2026-03-12T17:07,ROLL CENTRE,campus_food,merchant,1
531403890497,2026-03-12T17:29,MAA TARA TEA STALL,campus_food,merchant,1
692501007646,2026-03-12T17:42,ZOMATO,food_delivery,merchant,1
674450277993,2026-03-13T09:38,SBSTC BUS,transport,merchant,1
688027788492,2026-03-13T12:33,RAJU MAHATO,transport,person,1
539980969031,2026-03-13T14:10,MAA TARA TEA STALL,campus_food,merchant,1
595859062808,2026-03-15T16:50,ZEPTO,groceries_snacks,merchant,1
691622177021,2026-03-15T17:16,STYLE SALON,other,merchant,1
642073276086,2026-03-15T19:48,ZOMATO,food_delivery,merchant,1
590738696230,2026-03-16T08:29,SBSTC BUS,transport,merchant,1
564286652942,2026-03-16T16:38,SAMIR ALI,transport,person,1
552383029961,2026-03-17T13:21,XEROX AND STATIONERY,education,merchant,1
600381258064,2026-03-17T14:30,SCHOOL CANTEEN,campus_food,merchant,1
549372440469,2026-03-18T13:15,RAJU MAHATO,transport,person,1
550355275590,2026-03-19T08:40,SBSTC BUS,transport,merchant,1
536809217041,2026-03-19T13:22,GOPAL BAURI,transport,person,1
688452935663,2026-03-19T15:34,SCHOOL CANTEEN,campus_food,merchant,1
553269067669,2026-03-19T17:59,MAA TARA TEA STALL,campus_food,merchant,1
590642286360,2026-03-20T10:10,RAPIDO,transport,merchant,1
682861022644,2026-03-20T18:53,SAMIR ALI,transport,person,1
683598588204,2026-03-22T20:20,MOMO CORNER,campus_food,merchant,1
526100270730,2026-03-24T19:05,THE BREW ROOM,outing,merchant,1
604188507742,2026-03-25T18:03,CAFE COFFEE DAY,outing,merchant,1
502547534192,2026-03-25T23:11,ARKA GHOSH,transfer_to_person,person,1
628087516699,2026-03-28T01:28,BANK,other,bank,0
569680034938,2026-03-28T16:06,MOMO CORNER,campus_food,merchant,1
521531426782,2026-03-30T03:42,BANK,other,bank,0
625597564053,2026-04-01T16:20,STYLE SALON,other,merchant,1
635523011638,2026-04-02T07:57,SANCHITA DAS,allowance,person,0
636423324463,2026-04-04T09:08,JIO PREPAID,recharge_bills,merchant,1
673642229446,2026-04-04T18:58,INOX LEISURE,outing,merchant,1
562260224117,2026-04-04T20:10,RIK BANERJEE,transfer_to_person,person,1
643089323875,2026-04-05T18:50,INOX LEISURE,outing,merchant,1
554046267573,2026-04-05T20:47,RIK BANERJEE,transfer_to_person,person,1
619699977542,2026-04-06T17:37,ZOMATO,food_delivery,merchant,1
614725849652,2026-04-06T19:31,LOCAL GENERAL STORE,groceries_snacks,merchant,1
596554049057,2026-04-09T19:32,ZEPTO,groceries_snacks,merchant,1
547072639922,2026-04-12T16:12,THE BREW ROOM,outing,merchant,1
541039079450,2026-04-13T14:16,JIO,recharge_bills,merchant,1
581963382239,2026-04-13T14:28,STYLE SALON,other,merchant,1
538858705398,2026-04-13T19:18,ZEPTO,groceries_snacks,merchant,1
581826061051,2026-04-14T18:41,STYLE SALON,other,merchant,1
650046392789,2026-04-15T17:29,MALL FOOD COURT,outing,merchant,1
537205797393,2026-04-15T18:34,BISWAJIT PAL,transfer_from_person,person,0
562782253915,2026-04-17T18:06,MOMO CORNER,campus_food,merchant,1
599080161252,2026-04-17T18:12,ZOMATO,food_delivery,merchant,1
586833694080,2026-04-29T21:14,MOMO CORNER,campus_food,merchant,1
554917623442,2026-05-02T07:30,SANCHITA DAS,allowance,person,0
688154369810,2026-05-02T15:42,JIO PREPAID,recharge_bills,merchant,1
529459250480,2026-05-04T16:03,ZOMATO,food_delivery,merchant,1
577419554637,2026-05-04T16:21,JIO,recharge_bills,merchant,1
541865913827,2026-05-06T22:58,BLINKIT,groceries_snacks,merchant,1
603763367717,2026-05-09T21:52,SWIGGY,food_delivery,merchant,1
691909115995,2026-05-10T20:00,ARKA GHOSH,transfer_from_person,person,0
677868257995,2026-05-13T20:41,PHUCHKA DADA,campus_food,merchant,1
519543942890,2026-05-14T20:11,SAYAN MONDAL,transfer_from_person,person,0
682718022314,2026-05-15T20:08,ARKA GHOSH,transfer_to_person,person,1
558638812032,2026-05-15T21:12,PVR LTD,outing,merchant,1
621010919569,2026-05-15T22:06,GOOGLE PLAY,gaming,merchant,1
651491607774,2026-05-15T22:53,ZEPTO,groceries_snacks,merchant,1
699281824097,2026-05-17T17:09,TIMEZONE,outing,merchant,1
634755632806,2026-05-17T22:16,ANKITA ROY,transfer_to_person,person,1
547716178141,2026-05-18T18:40,CAFE COFFEE DAY,outing,merchant,1
536192372586,2026-05-18T18:44,MOMO CORNER,campus_food,merchant,1
527807194999,2026-05-18T21:54,PRIYA SAHA,transfer_to_person,person,1
580096298854,2026-05-21T20:36,MEESHO,shopping,merchant,1
505812736738,2026-05-23T15:33,ZOMATO,food_delivery,merchant,1
572230686519,2026-05-23T16:50,MOMO CORNER,campus_food,merchant,1
621490229115,2026-05-24T15:25,CAFE COFFEE DAY,outing,merchant,1
666516265401,2026-05-30T20:17,JIO PREPAID,recharge_bills,merchant,1
644294405955,2026-05-30T21:32,ANKITA ROY,transfer_from_person,person,0
575980751016,2026-06-01T08:32,SANCHITA DAS,allowance,person,0
647087764143,2026-06-04T14:01,JIO,recharge_bills,merchant,1
605845053601,2026-06-04T19:34,THE BREW ROOM,outing,merchant,1
642933478225,2026-06-05T20:20,JIO,recharge_bills,merchant,1
566503659026,2026-06-06T17:10,SWIGGY,food_delivery,merchant,1
505682129086,2026-06-07T18:57,CAFE COFFEE DAY,outing,merchant,1
585063357057,2026-06-07T19:55,ARKA GHOSH,transfer_to_person,person,1
683685322682,2026-06-08T21:44,GOOGLE PLAY,gaming,merchant,1
689631151588,2026-06-12T18:52,ZOMATO,food_delivery,merchant,1
550628331822,2026-06-13T17:29,CAFE COFFEE DAY,outing,merchant,1
586170141471,2026-06-13T23:26,SAYAN MONDAL,transfer_to_person,person,1
641034332044,2026-06-16T17:55,SWIGGY,food_delivery,merchant,1
583592731453,2026-06-16T20:22,PRIYA SAHA,transfer_to_person,person,1
593857697086,2026-06-16T21:56,MALL FOOD COURT,outing,merchant,1
695313212980,2026-06-18T18:37,PHUCHKA DADA,campus_food,merchant,1
582997452091,2026-06-23T17:07,JIO,recharge_bills,merchant,1
605278682748,2026-06-27T21:22,JIO PREPAID,recharge_bills,merchant,1
668842488859,2026-06-28T02:58,BANK,other,bank,0
547986924136,2026-06-29T18:39,INOX LEISURE,outing,merchant,1
685643828705,2026-06-30T02:55,BANK,other,bank,0
689191076255,2026-06-30T19:29,ANKITA ROY,transfer_from_person,person,0
598963461732,2026-07-02T10:18,SANCHITA DAS,allowance,person,0
515831301311,2026-07-04T19:13,ZOMATO,food_delivery,merchant,1
633575481273,2026-07-05T17:51,BLINKIT,groceries_snacks,merchant,1
524287947818,2026-07-05T18:57,SWIGGY,food_delivery,merchant,1
678550278542,2026-07-07T19:03,MOMO CORNER,campus_food,merchant,1
635882616117,2026-07-08T17:25,PHUCHKA DADA,campus_food,merchant,1
581349530605,2026-07-10T16:29,MALL FOOD COURT,outing,merchant,1
677937845414,2026-07-10T21:39,ARKA GHOSH,transfer_to_person,person,1
590850085863,2026-07-11T17:42,TIMEZONE,outing,merchant,1
622730269855,2026-07-15T20:49,MOMO CORNER,campus_food,merchant,1
515911034471,2026-07-16T18:08,CAFE COFFEE DAY,outing,merchant,1
636109446069,2026-07-19T20:55,MOMO CORNER,campus_food,merchant,1
652860062305,2026-07-21T14:38,JIO,recharge_bills,merchant,1
695570641740,2026-07-23T17:27,ZOMATO,food_delivery,merchant,1
551802923784,2026-07-24T16:58,LOCAL GENERAL STORE,groceries_snacks,merchant,1
580134142022,2026-07-25T21:57,JIO PREPAID,recharge_bills,merchant,1
534291071055,2026-07-26T18:49,ZOMATO,food_delivery,merchant,1
559052712405,2026-07-27T16:46,MALL FOOD COURT,outing,merchant,1
512572155490,2026-07-27T20:59,SOUMYADEEP DEY,transfer_to_person,person,1
665002531726,2026-08-01T11:56,STYLE SALON,other,merchant,1
555758311981,2026-08-02T21:27,ARKA GHOSH,transfer_from_person,person,0
627542462944,2026-08-03T07:48,SANCHITA DAS,allowance,person,0
586237976187,2026-08-03T17:45,SBSTC BUS,transport,merchant,1
663195857687,2026-08-04T10:04,AUTO STAND,transport,merchant,1
592763383205,2026-08-04T10:13,RAPIDO,transport,merchant,1
680919951642,2026-08-04T15:06,TIMEZONE,outing,merchant,1
663686316007,2026-08-05T15:37,SBSTC BUS,transport,merchant,1
659244983977,2026-08-05T18:00,PHUCHKA DADA,campus_food,merchant,1
646801493672,2026-08-06T12:54,MAA TARA TEA STALL,campus_food,merchant,1
620598668938,2026-08-06T17:00,SBSTC BUS,transport,merchant,1
647190914042,2026-08-06T17:49,RAJU MAHATO,transport,person,1
525816994068,2026-08-06T20:49,RIK BANERJEE,transfer_from_person,person,0
603139926586,2026-08-07T11:06,MAA TARA TEA STALL,campus_food,merchant,1
548161805975,2026-08-07T17:14,GOPAL BAURI,transport,person,1
515546033554,2026-08-10T17:54,SBSTC BUS,transport,merchant,1
546153515156,2026-08-11T07:21,GOPAL BAURI,transport,person,1
508987018811,2026-08-11T10:32,MAA TARA TEA STALL,campus_food,merchant,1
521766845290,2026-08-11T16:49,COLLEGE CANTEEN,campus_food,merchant,1
677692809798,2026-08-12T12:30,MAA TARA TEA STALL,campus_food,merchant,1
520757721242,2026-08-12T15:21,MOMO CORNER,campus_food,merchant,1
691705914312,2026-08-12T21:51,ZOMATO,food_delivery,merchant,1
560536027258,2026-08-13T09:38,RAPIDO,transport,merchant,1
556683728591,2026-08-13T14:26,MAA TARA TEA STALL,campus_food,merchant,1
677997360874,2026-08-14T10:59,SBSTC BUS,transport,merchant,1
594153749876,2026-08-14T16:13,MAA TARA TEA STALL,campus_food,merchant,1
612671077912,2026-08-14T18:07,BABLU SK,transport,person,1
676502361206,2026-08-15T17:57,THE BREW ROOM,outing,merchant,1
587077084596,2026-08-17T13:33,GOPAL BAURI,transport,person,1
587227229807,2026-08-17T15:48,MAA TARA TEA STALL,campus_food,merchant,1
648926884070,2026-08-17T16:02,RAPIDO,transport,merchant,1
663928035222,2026-08-17T21:33,ZEPTO,groceries_snacks,merchant,1
648965587172,2026-08-17T21:51,ZOMATO,food_delivery,merchant,1
634789296721,2026-08-18T11:22,SBSTC BUS,transport,merchant,1
541610250225,2026-08-18T12:06,MAA TARA TEA STALL,campus_food,merchant,1
569396033609,2026-08-18T14:31,PHUCHKA DADA,campus_food,merchant,1
614262511185,2026-08-19T07:03,SBSTC BUS,transport,merchant,1
678226117016,2026-08-19T12:31,RAPIDO,transport,merchant,1
552859026738,2026-08-19T17:58,PHUCHKA DADA,campus_food,merchant,1
543863737958,2026-08-19T20:02,JIO,recharge_bills,merchant,1
654669528877,2026-08-20T10:51,MAA TARA TEA STALL,campus_food,merchant,1
524431086993,2026-08-20T13:20,ROLL CENTRE,campus_food,merchant,1
589707570500,2026-08-20T15:06,AUTO STAND,transport,merchant,1
646577505566,2026-08-20T15:28,RAPIDO,transport,merchant,1
535368669349,2026-08-21T11:37,BABLU SK,transport,person,1
656816687884,2026-08-21T11:59,MOMO CORNER,campus_food,merchant,1
661929108332,2026-08-21T15:43,AUTO STAND,transport,merchant,1
538437344626,2026-08-21T16:51,RAPIDO,refund,merchant,0
568090972695,2026-08-21T18:06,CAFE COFFEE DAY,outing,merchant,1
523788328890,2026-08-21T20:24,LOCAL GENERAL STORE,groceries_snacks,merchant,1
621278537000,2026-08-22T22:15,JIO PREPAID,recharge_bills,merchant,1
636012522141,2026-08-24T08:11,RAPIDO,transport,merchant,1
563913571568,2026-08-24T10:04,MAA TARA TEA STALL,campus_food,merchant,1
520722357995,2026-08-25T09:35,GOPAL BAURI,transport,person,1
575835026325,2026-08-25T12:09,RAJU MAHATO,transport,person,1
546219854159,2026-08-25T17:00,COLLEGE CANTEEN,campus_food,merchant,1
626147819934,2026-08-25T19:13,JIO,recharge_bills,merchant,1
669764340998,2026-08-26T08:37,RAJU MAHATO,transport,person,1
567141810678,2026-08-26T08:55,GOPAL BAURI,transport,person,1
656771781928,2026-08-26T12:10,MAA TARA TEA STALL,campus_food,merchant,1
549053275931,2026-08-27T15:43,SBSTC BUS,transport,merchant,1
678342719522,2026-08-27T18:11,PHUCHKA DADA,campus_food,merchant,1
529545420530,2026-08-28T08:15,SBSTC BUS,transport,merchant,1
639665114812,2026-08-28T08:58,SAMIR ALI,transport,person,1
589781467543,2026-08-28T16:18,MAA TARA TEA STALL,campus_food,merchant,1
639271367073,2026-08-29T20:30,PHUCHKA DADA,campus_food,merchant,1
512211765052,2026-08-31T10:13,GOPAL BAURI,transport,person,1
687111027164,2026-08-31T11:45,MAA TARA TEA STALL,campus_food,merchant,1
609828962227,2026-08-31T12:47,AUTO STAND,transport,merchant,1
503902993855,2026-08-31T18:17,COLLEGE CANTEEN,campus_food,merchant,1
587876494611,2026-09-01T08:40,BABLU SK,transport,person,1
554018509597,2026-09-01T09:47,SANCHITA DAS,allowance,person,0
576806597414,2026-09-01T10:13,AUTO STAND,transport,merchant,1
574269711673,2026-09-01T15:37,COLLEGE CANTEEN,campus_food,merchant,1
602579119644,2026-09-02T17:53,MOMO CORNER,campus_food,merchant,1
533111590085,2026-09-03T11:37,ROLL CENTRE,campus_food,merchant,1
571358408311,2026-09-03T13:30,MAA TARA TEA STALL,campus_food,merchant,1
552503865363,2026-09-03T16:32,GOPAL BAURI,transport,person,1
599261583933,2026-09-03T16:34,RAJU MAHATO,transport,person,1
686674556553,2026-09-03T17:42,PVR LTD,outing,merchant,1
678540591436,2026-09-04T08:42,SAMIR ALI,transport,person,1
632652385725,2026-09-04T16:20,COLLEGE CANTEEN,campus_food,merchant,1
668152735490,2026-09-04T18:15,SBSTC BUS,transport,merchant,1
530862609672,2026-09-05T21:00,PVR LTD,outing,merchant,1
554305744367,2026-09-07T10:52,STYLE SALON,other,merchant,1
568751456007,2026-09-07T17:11,SBSTC BUS,transport,merchant,1
677078636899,2026-09-07T18:28,BABLU SK,transport,person,1
530710308318,2026-09-08T12:05,MOMO CORNER,campus_food,merchant,1
533125620063,2026-09-08T18:43,BABLU SK,transport,person,1
644111308950,2026-09-09T11:44,MAA TARA TEA STALL,campus_food,merchant,1
689384880185,2026-09-10T13:50,COLLEGE CANTEEN,campus_food,merchant,1
589493882389,2026-09-10T15:12,MAA TARA TEA STALL,campus_food,merchant,1
696481797365,2026-09-10T18:11,SBSTC BUS,transport,merchant,1
514114038674,2026-09-10T18:11,SBSTC BUS,transport,merchant,1
630812432993,2026-09-11T09:31,SBSTC BUS,transport,merchant,1
571088820990,2026-09-11T15:28,SBSTC BUS,transport,merchant,1
548471974623,2026-09-12T18:55,INOX LEISURE,outing,merchant,1
558232499571,2026-09-14T09:30,BABLU SK,transport,person,1
556097795554,2026-09-14T11:42,MAA TARA TEA STALL,campus_food,merchant,1
696313321725,2026-09-14T17:21,ROLL CENTRE,campus_food,merchant,1
628179481524,2026-09-15T17:38,MAA TARA TEA STALL,campus_food,merchant,1
604571628400,2026-09-16T09:58,SAMIR ALI,transport,person,1
610716822915,2026-09-16T13:50,JIO,recharge_bills,merchant,1
607722105150,2026-09-16T17:45,GOPAL BAURI,transport,person,1
624374415591,2026-09-17T11:58,STYLE SALON,other,merchant,1
515513687882,2026-09-17T15:47,SAMIR ALI,transport,person,1
605376727683,2026-09-17T16:06,COLLEGE CANTEEN,campus_food,merchant,1
595341569650,2026-09-17T18:20,SAMIR ALI,transport,person,1
560854987906,2026-09-19T21:49,JIO PREPAID,recharge_bills,merchant,1
655802936972,2026-09-21T15:00,PVR LTD,outing,merchant,1
565605297962,2026-09-21T15:54,SBSTC BUS,transport,merchant,1
669716613309,2026-09-21T19:01,ARKA GHOSH,transfer_to_person,person,1
513906392649,2026-09-22T07:24,RAPIDO,transport,merchant,1
686295182331,2026-09-22T10:23,SAMIR ALI,transport,person,1
621199945012,2026-09-22T13:56,COLLEGE CANTEEN,campus_food,merchant,1
686929630658,2026-09-22T17:36,XEROX AND STATIONERY,education,merchant,1
656635985793,2026-09-24T09:46,SBSTC BUS,transport,merchant,1
672205436069,2026-09-24T11:46,RAJU MAHATO,transport,person,1
662782123832,2026-09-25T08:19,AUTO STAND,transport,merchant,1
658740173374,2026-09-25T14:24,RAJU MAHATO,transport,person,1
638855418359,2026-09-25T22:06,BLINKIT,groceries_snacks,merchant,1
600744755966,2026-09-28T01:09,BANK,other,bank,0
648630263909,2026-09-28T12:14,STYLE SALON,other,merchant,1
517118756624,2026-09-28T14:59,SAMIR ALI,transport,person,1
681599609285,2026-09-28T15:02,SBSTC BUS,transport,merchant,1
693873838861,2026-09-28T21:10,LOCAL GENERAL STORE,groceries_snacks,merchant,1
646765147074,2026-09-29T13:12,SAMIR ALI,transport,person,1
532409413021,2026-09-30T02:36,BANK,other,bank,0
645483746476,2026-09-30T07:48,SAMIR ALI,transport,person,1
525741327470,2026-09-30T10:20,BABLU SK,transport,person,1
508304181112,2026-09-30T14:31,MAA TARA TEA STALL,campus_food,merchant,1
