Date,Narration,Chq./Ref.No.,Value Dt,Withdrawal Amt.,Deposit Amt.,Closing Balance
02/10/25,OPENING BALANCE,,02/10/25,,,130000.00
02/10/25,UPI-BLINKIT-blinkit.payu@hdfcbank-HDFC0MERUPI-448403967001-Order,448403967001,02/10/25,709.00,,129291.00
05/10/25,UPI-TAPAN GHOSH-tapanghosh.1964@oksbi-SBIN0016209-760973163650-Rent Oct,760973163650,05/10/25,6000.00,,123291.00
05/10/25,UPI-FLIPKART-flipkart.payu@hdfcbank-SBIN0016209-953541165689-Order,953541165689,05/10/25,3965.00,,119326.00
05/10/25,UPI-RAPIDO-rapido.rzp@hdfcbank-SBIN0016209-363887493642-Bike ride,363887493642,05/10/25,106.00,,119220.00
06/10/25,UPI-RELIANCE SMART BAZAAR-reliancesmart.rzp@hdfcbank-YESB0YBLUPI-220605789809-Payment,220605789809,06/10/25,1379.00,,117841.00
07/10/25,UPI-ZOMATO-zomato-order@paytm-PYTM0123456-110521187410-Food order,110521187410,07/10/25,465.00,,117376.00
07/10/25,UPI-ZEPTO-zeptonow@icici-ICIC0DC0099-328982887694-Order,328982887694,07/10/25,170.00,,117206.00
07/10/25,UPI-RAPIDO-rapido.rzp@hdfcbank-PYTM0123456-986295003154-Ride,986295003154,07/10/25,109.00,,117097.00
08/10/25,UPI-PRADIP KUMAR DAS-pradipkdas61@oksbi-PYTM0123456-802285510965-Home,802285510965,08/10/25,1074.00,,116023.00
08/10/25,UPI-INDIAN OIL FUEL STATION-iocl.fuelstn@icici-ICIC0DC0099-195951264085-Fuel,195951264085,08/10/25,743.00,,115280.00
09/10/25,UPI-WBSEDCL-wbsedcl.billdesk@hdfcbank-YESB0YBLUPI-256583545987-Electricity bill,256583545987,09/10/25,775.00,,114505.00
09/10/25,UPI-INDIAN OIL FUEL STATION-iocl.fuelstn@icici-ICIC0DC0099-881030329225-Fuel,881030329225,09/10/25,1134.00,,113371.00
10/10/25,UPI-DOLMA MOMO CORNER-dolmamomo@ybl-UTIB0000553-565836759362-Payment,565836759362,10/10/25,69.00,,113302.00
10/10/25,UPI-RAPIDO-rapido.rzp@hdfcbank-YESB0YBLUPI-743776808653-Ride,743776808653,10/10/25,105.00,,113197.00
11/10/25,UPI-JIO PREPAID-jio@sbi-UTIB0000553-655878046310-Data pack,655878046310,11/10/25,159.00,,113038.00
11/10/25,UPI-QUICK WASH LAUNDRY-quickwash@ybl-UTIB0000553-679463048859-Payment,679463048859,11/10/25,249.00,,112789.00
12/10/25,UPI-RAPIDO-rapido.rzp@hdfcbank-SBIN0016209-628204799503-Ride,628204799503,12/10/25,90.00,,112699.00
13/10/25,UPI-SPOTIFY INDIA-spotify.bdsi@icici-YESB0YBLUPI-942777916963-Subscription,942777916963,13/10/25,119.00,,112580.00
13/10/25,ATM WDL-986779-SALT LAKE KOLKATA,877228986779,13/10/25,500.00,,112080.00
15/10/25,UPI-CROMA-croma.infiniti@hdfcbank-UTIB0000553-214548852494-Order,214548852494,15/10/25,7499.00,,104581.00
16/10/25,UPI-LIFELINE MEDICAL HALL-lifelinemedical@ybl-YESB0YBLUPI-628892634684-Payment,628892634684,16/10/25,797.00,,103784.00
16/10/25,UPI-BLINKIT-blinkit.payu@hdfcbank-PYTM0123456-871490675305-Order,871490675305,16/10/25,345.00,,103439.00
16/10/25,UPI-FLIPKART-flipkart.payu@hdfcbank-SBIN0016209-883700131435-Order,883700131435,16/10/25,716.00,,102723.00
16/10/25,UPI-SWIGGY-swiggy.rzp@hdfcbank-SBIN0016209-836166329431-Food order,836166329431,16/10/25,543.00,,102180.00
17/10/25,IMPS-812104727276-PIXELCRAFT STUDIO-PROJECT PAYMENT,812104727276,17/10/25,,11000.00,113180.00
17/10/25,UPI-ZOMATO-zomato-order@paytm-UTIB0000553-866659821104-Food order,866659821104,17/10/25,549.00,,112631.00
17/10/25,UPI-PRADIP KUMAR DAS-pradipkdas61@oksbi-ICIC0DC0099-320903339992-Home,320903339992,17/10/25,1372.00,,111259.00
19/10/25,UPI-SWIGGY-swiggy.rzp@hdfcbank-PYTM0123456-134399582332-Food order,134399582332,19/10/25,575.00,,110684.00
20/10/25,UPI-KFC-kfc.devyani@icici-SBIN0016209-756623369192-Payment,756623369192,20/10/25,181.00,,110503.00
20/10/25,UPI-SPICE GARDEN RESTAURANT-spicegarden@ybl-HDFC0MERUPI-640852165048-Payment,640852165048,20/10/25,902.00,,109601.00
20/10/25,UPI-RAPIDO-rapido.rzp@hdfcbank-UTIB0000553-861326377552-Ride,861326377552,20/10/25,101.00,,109500.00
21/10/25,UPI-JIO PREPAID-jio@sbi-UTIB0000553-944009464099-Recharge,944009464099,21/10/25,399.00,,109101.00
21/10/25,UPI-JIO PREPAID-jio@sbi-ICIC0DC0099-828245369008-Data pack,828245369008,21/10/25,199.00,,108902.00
21/10/25,UPI-BIGBASKET-bigbasket.rzp@hdfcbank-UTIB0000553-603871205543-Order,603871205543,21/10/25,551.00,,108351.00
21/10/25,UPI-BLINKIT-blinkit.payu@hdfcbank-UTIB0000553-888939678427-Order,888939678427,21/10/25,844.00,,107507.00
22/10/25,UPI-RELIANCE SMART BAZAAR-reliancesmart.rzp@hdfcbank-PYTM0123456-627112636252-Payment,627112636252,22/10/25,1412.00,,106095.00
22/10/25,UPI-BLINKIT-blinkit.payu@hdfcbank-HDFC0MERUPI-505867626662-Order,505867626662,22/10/25,1101.00,,104994.00
23/10/25,UPI-CAFE BY THE LANE-cafebythelane@paytm-YESB0YBLUPI-260680356566-Payment,260680356566,23/10/25,1407.00,,103587.00
23/10/25,UPI-SHREE XEROX CENTRE-shreexerox@paytm-SBIN0016209-100395861254-Payment,100395861254,23/10/25,155.00,,103432.00
24/10/25,UPI-QUICK WASH LAUNDRY-quickwash@ybl-HDFC0MERUPI-193786430984-Payment,193786430984,24/10/25,199.00,,103233.00
24/10/25,ATM WDL-746044-SALT LAKE KOLKATA,779123746044,24/10/25,500.00,,102733.00
25/10/25,UPI-INDIAN OIL FUEL STATION-iocl.fuelstn@icici-PYTM0123456-924825530099-Fuel,924825530099,25/10/25,1222.00,,101511.00
26/10/25,ATM WDL-832939-SALT LAKE KOLKATA,799038832939,26/10/25,2000.00,,99511.00
26/10/25,UPI-LOKNATH GENERAL STORE-loknathstore@ybl-ICIC0DC0099-269038104344-Payment,269038104344,26/10/25,1243.00,,98268.00
27/10/25,UPI-DOLMA MOMO CORNER-dolmamomo@ybl-PYTM0123456-742804482168-Payment,742804482168,27/10/25,276.00,,97992.00
27/10/25,ATM WDL-693139-SALT LAKE KOLKATA,697579693139,27/10/25,1000.00,,96992.00
28/10/25,NEFT-HDFCN62064850987-ABC TECH PVT LTD-SALARY OCT 2025,620648509872,28/10/25,,39000.00,135992.00
29/10/25,UPI-RAPIDO-rapido.rzp@hdfcbank-YESB0YBLUPI-244259080308-Ride,244259080308,29/10/25,80.00,,135912.00
30/10/25,UPI-RAPIDO-rapido.rzp@hdfcbank-HDFC0MERUPI-836233754476-Bike ride,836233754476,30/10/25,113.00,,135799.00
30/10/25,UPI-RITWIK SEN-ritwik.sen7@ybl-UTIB0000553-962358299606-Return,962358299606,30/10/25,1987.00,,133812.00
30/10/25,UPI-KFC-kfc.devyani@icici-UTIB0000553-266679069316-Payment,266679069316,30/10/25,1123.00,,132689.00
31/10/25,UPI-JIO PREPAID-jio@sbi-YESB0YBLUPI-525657604110-Data pack,525657604110,31/10/25,129.00,,132560.00
31/10/25,UPI-RAPIDO-rapido.rzp@hdfcbank-YESB0YBLUPI-481538265019-Bike ride,481538265019,31/10/25,128.00,,132432.00
31/10/25,UPI-FLIPKART-flipkart.payu@hdfcbank-ICIC0DC0099-658455623568-Order,658455623568,31/10/25,387.00,,132045.00
31/10/25,UPI-SWIGGY-swiggy.rzp@hdfcbank-ICIC0DC0099-433645061736-Food order,433645061736,31/10/25,523.00,,131522.00
31/10/25,UPI-INDIAN OIL FUEL STATION-iocl.fuelstn@icici-UTIB0000553-237069401220-Fuel,237069401220,31/10/25,464.00,,131058.00
31/10/25,UPI-RAPIDO-rapido.rzp@hdfcbank-HDFC0MERUPI-781059914312-Bike ride,781059914312,31/10/25,110.00,,130948.00
02/11/25,UPI-TAPAN GHOSH-tapanghosh.1964@oksbi-UTIB0000553-673770100602-Rent Nov,673770100602,02/11/25,5500.00,,125448.00
03/11/25,UPI-DEBOLINA PAUL-debolina.p@okhdfcbank-PYTM0123456-472044425535-Bill share,472044425535,03/11/25,975.00,,124473.00
03/11/25,UPI-DOMINOS PIZZA-dominos.jfl@hdfcbank-YESB0YBLUPI-176067661898-Order,176067661898,03/11/25,373.00,,124100.00
04/11/25,UPI-RAPIDO-rapido.rzp@hdfcbank-YESB0YBLUPI-809509243896-Bike ride,809509243896,04/11/25,106.00,,123994.00
04/11/25,UPI-SAYAN MONDAL-sayan.mondal@okaxis-PYTM0123456-699784584217-Return,699784584217,04/11/25,927.00,,123067.00
05/11/25,UPI-FLIPKART-flipkart.payu@hdfcbank-HDFC0MERUPI-629090704563-Order,629090704563,05/11/25,2896.00,,120171.00
05/11/25,UPI-RAPIDO-rapido.rzp@hdfcbank-SBIN0016209-682593640547-Ride,682593640547,05/11/25,111.00,,120060.00
06/11/25,UPI-JIO PREPAID-jio@sbi-UTIB0000553-276685169598-Data pack,276685169598,06/11/25,129.00,,119931.00
06/11/25,ATM WDL-164674-SALT LAKE KOLKATA,565028164674,06/11/25,1000.00,,118931.00
06/11/25,UPI-BIGBASKET-bigbasket.rzp@hdfcbank-UTIB0000553-557555797815-Order,557555797815,06/11/25,1402.00,,117529.00
06/11/25,UPI-INDIAN OIL FUEL STATION-iocl.fuelstn@icici-HDFC0MERUPI-303173038230-Fuel,303173038230,06/11/25,852.00,,116677.00
06/11/25,UPI-INDIAN OIL FUEL STATION-iocl.fuelstn@icici-UTIB0000553-607937622959-Fuel,607937622959,06/11/25,928.00,,115749.00
08/11/25,UPI-AMAZON PAY-amazonpay.rzp@hdfcbank-ICIC0DC0099-612336642594-Order,612336642594,08/11/25,1829.00,,113920.00
09/11/25,UPI-WBSEDCL-wbsedcl.billdesk@hdfcbank-YESB0YBLUPI-630511504721-Electricity bill,630511504721,09/11/25,659.00,,113261.00
09/11/25,UPI-SPOTIFY INDIA-spotify.bdsi@icici-YESB0YBLUPI-974142890529-Subscription,974142890529,09/11/25,119.00,,113142.00
11/11/25,UPI-WESTSIDE-westside.trent@hdfcbank-YESB0YBLUPI-335569807674-Payment,335569807674,11/11/25,6499.00,,106643.00
11/11/25,UPI-RELIANCE SMART BAZAAR-reliancesmart.rzp@hdfcbank-PYTM0123456-202880245950-Payment,202880245950,11/11/25,1284.00,,105359.00
11/11/25,UPI-PHARMEASY-pharmeasy.rzp@hdfcbank-YESB0YBLUPI-548095837031-Order,548095837031,11/11/25,1074.00,,104285.00
12/11/25,UPI-JIO PREPAID-jio@sbi-YESB0YBLUPI-487220331952-Data pack,487220331952,12/11/25,129.00,,104156.00
12/11/25,UPI-PHARMEASY-pharmeasy.rzp@hdfcbank-SBIN0016209-888645263950-Order,888645263950,12/11/25,701.00,,103455.00
12/11/25,UPI-QUICK WASH LAUNDRY-quickwash@ybl-SBIN0016209-725996835964-Payment,725996835964,12/11/25,154.00,,103301.00
13/11/25,UPI-BIGBASKET-bigbasket.rzp@hdfcbank-PYTM0123456-719741018004-Order,719741018004,13/11/25,1268.00,,102033.00
13/11/25,UPI-DOMINOS PIZZA-dominos.jfl@hdfcbank-ICIC0DC0099-244120780800-Order,244120780800,13/11/25,1228.00,,100805.00
14/11/25,UPI-RAPIDO-rapido.rzp@hdfcbank-PYTM0123456-286556426567-Ride,286556426567,14/11/25,118.00,,100687.00
15/11/25,UPI-RAPIDO-rapido.rzp@hdfcbank-PYTM0123456-933483183602-Bike ride,933483183602,15/11/25,96.00,,100591.00
15/11/25,UPI-SWIGGY-swiggy.rzp@hdfcbank-SBIN0016209-305309388626-Food order,305309388626,15/11/25,471.00,,100120.00
16/11/25,UPI-QUICK WASH LAUNDRY-quickwash@ybl-ICIC0DC0099-401994401628-Payment,401994401628,16/11/25,215.00,,99905.00
16/11/25,UPI-RAPIDO-rapido.rzp@hdfcbank-ICIC0DC0099-447599511164-Bike ride,447599511164,16/11/25,130.00,,99775.00
16/11/25,UPI-RELIANCE SMART BAZAAR-reliancesmart.rzp@hdfcbank-UTIB0000553-169819521292-Payment,169819521292,16/11/25,301.00,,99474.00
17/11/25,UPI-SWIGGY-swiggy.rzp@hdfcbank-UTIB0000553-954290082848-Food order,954290082848,17/11/25,326.00,,99148.00
18/11/25,UPI-QUICK WASH LAUNDRY-quickwash@ybl-YESB0YBLUPI-117031404012-Payment,117031404012,18/11/25,468.00,,98680.00
19/11/25,UPI-BAPI TEA STALL-bapitea@paytm-YESB0YBLUPI-122485121793-Payment,122485121793,19/11/25,447.00,,98233.00
19/11/25,UPI-SPICE GARDEN RESTAURANT-spicegarden@ybl-ICIC0DC0099-852022445999-Payment,852022445999,19/11/25,664.00,,97569.00
19/11/25,UPI-BLINKIT-blinkit.payu@hdfcbank-UTIB0000553-601565236186-Order,601565236186,19/11/25,1138.00,,96431.00
20/11/25,UPI-RAPIDO-rapido.rzp@hdfcbank-SBIN0016209-767077414253-Bike ride,767077414253,20/11/25,84.00,,96347.00
21/11/25,UPI-JIO PREPAID-jio@sbi-PYTM0123456-570138587133-Recharge,570138587133,21/11/25,699.00,,95648.00
21/11/25,UPI-BAPI TEA STALL-bapitea@paytm-UTIB0000553-849477212476-Payment,849477212476,21/11/25,302.00,,95346.00
21/11/25,UPI-FLIPKART-flipkart.payu@hdfcbank-PYTM0123456-494350220445-Order,494350220445,21/11/25,1222.00,,94124.00
21/11/25,UPI-KFC-kfc.devyani@icici-ICIC0DC0099-579813013148-Payment,579813013148,21/11/25,1180.00,,92944.00
22/11/25,UPI-RITWIK SEN-ritwik.sen7@ybl-ICIC0DC0099-463763546328-Split,463763546328,22/11/25,1070.00,,91874.00
22/11/25,UPI-QUICK WASH LAUNDRY-quickwash@ybl-SBIN0016209-558564610492-Payment,558564610492,22/11/25,165.00,,91709.00
23/11/25,UPI-INDIAN OIL FUEL STATION-iocl.fuelstn@icici-HDFC0MERUPI-125353022235-Fuel,125353022235,23/11/25,467.00,,91242.00
23/11/25,UPI-ZOMATO-zomato-order@paytm-HDFC0MERUPI-162538429707-Food order,162538429707,23/11/25,168.00,,91074.00
25/11/25,UPI-RAPIDO-rapido.rzp@hdfcbank-YESB0YBLUPI-235802443344-Ride,235802443344,25/11/25,135.00,,90939.00
25/11/25,UPI-DOLMA MOMO CORNER-dolmamomo@ybl-SBIN0016209-671770450266-Payment,671770450266,25/11/25,97.00,,90842.00
25/11/25,UPI-RAPIDO-rapido.rzp@hdfcbank-UTIB0000553-433529120652-Bike ride,433529120652,25/11/25,120.00,,90722.00
26/11/25,UPI-FLIPKART-flipkart.payu@hdfcbank-UTIB0000553-239921990695-Order,239921990695,26/11/25,258.00,,90464.00
26/11/25,UPI-DOLMA MOMO CORNER-dolmamomo@ybl-UTIB0000553-513966582768-Payment,513966582768,26/11/25,161.00,,90303.00
26/11/25,UPI-SWIGGY-swiggy.rzp@hdfcbank-HDFC0MERUPI-343363983974-Food order,343363983974,26/11/25,396.00,,89907.00
26/11/25,ATM WDL-625070-SALT LAKE KOLKATA,132396625070,26/11/25,1500.00,,88407.00
27/11/25,UPI-PRADIP KUMAR DAS-pradipkdas61@oksbi-ICIC0DC0099-888820405259-Home,888820405259,27/11/25,442.00,,87965.00
28/11/25,NEFT-HDFCN26229223265-ABC TECH PVT LTD-SALARY NOV 2025,262292232656,28/11/25,,38000.00,125965.00
28/11/25,UPI-ZOMATO-zomato-order@paytm-ICIC0DC0099-122455187667-Food order,122455187667,28/11/25,615.00,,125350.00
29/11/25,UPI-JIO PREPAID-jio@sbi-ICIC0DC0099-626310231579-Data pack,626310231579,29/11/25,129.00,,125221.00
29/11/25,UPI-KFC-kfc.devyani@icici-PYTM0123456-447714019412-Payment,447714019412,29/11/25,870.00,,124351.00
29/11/25,UPI-RAPIDO-rapido.rzp@hdfcbank-SBIN0016209-197038990038-Bike ride,197038990038,29/11/25,118.00,,124233.00
29/11/25,ATM WDL-817756-SALT LAKE KOLKATA,813127817756,29/11/25,2000.00,,122233.00
30/11/25,UPI-RAPIDO-rapido.rzp@hdfcbank-ICIC0DC0099-666178842489-Ride,666178842489,30/11/25,96.00,,122137.00
30/11/25,UPI-BAPI TEA STALL-bapitea@paytm-YESB0YBLUPI-673949392812-Payment,673949392812,30/11/25,318.00,,121819.00
01/12/25,UPI-HP PETROL PUMP SALT LAKE-hppetrol.saltlake@sbi-UTIB0000553-787243770072-Fuel,787243770072,01/12/25,468.00,,121351.00
03/12/25,UPI-TAPAN GHOSH-tapanghosh.1964@oksbi-PYTM0123456-843982132042-Rent Dec,843982132042,03/12/25,6500.00,,114851.00
04/12/25,UPI-BLINKIT-blinkit.payu@hdfcbank-HDFC0MERUPI-879103091748-Order,879103091748,04/12/25,517.00,,114334.00
05/12/25,ATM WDL-543314-SALT LAKE KOLKATA,474846543314,05/12/25,2500.00,,111834.00
05/12/25,UPI-ZOMATO-zomato-order@paytm-ICIC0DC0099-322742213933-Food order,322742213933,05/12/25,529.00,,111305.00
05/12/25,UPI-BAPI TEA STALL-bapitea@paytm-SBIN0016209-802052209110-Payment,802052209110,05/12/25,336.00,,110969.00
06/12/25,UPI-RELIANCE SMART BAZAAR-reliancesmart.rzp@hdfcbank-HDFC0MERUPI-623176140408-Payment,623176140408,06/12/25,637.00,,110332.00
06/12/25,ATM WDL-635880-SALT LAKE KOLKATA,787874635880,06/12/25,500.00,,109832.00
07/12/25,UPI-KFC-kfc.devyani@icici-YESB0YBLUPI-269266972790-Payment,269266972790,07/12/25,949.00,,108883.00
08/12/25,UPI-SPOTIFY INDIA-spotify.bdsi@icici-YESB0YBLUPI-490629175758-Subscription,490629175758,08/12/25,129.00,,108754.00
08/12/25,UPI-ZEPTO-zeptonow@icici-ICIC0DC0099-291723544710-Order,291723544710,08/12/25,1248.00,,107506.00
09/12/25,UPI-WBSEDCL-wbsedcl.billdesk@hdfcbank-HDFC0MERUPI-698601591596-Electricity bill,698601591596,09/12/25,1180.00,,106326.00
11/12/25,IMPS-914818505680-PIXELCRAFT STUDIO-PROJECT PAYMENT,914818505680,11/12/25,,7500.00,113826.00
11/12/25,UPI-RAPIDO-rapido.rzp@hdfcbank-PYTM0123456-121060399463-Bike ride,121060399463,11/12/25,87.00,,113739.00
12/12/25,UPI-HP PETROL PUMP SALT LAKE-hppetrol.saltlake@sbi-UTIB0000553-437508787674-Fuel,437508787674,12/12/25,1050.00,,112689.00
13/12/25,UPI-FLIPKART-flipkart.payu@hdfcbank-SBIN0016209-690045106215-Order,690045106215,13/12/25,2196.00,,110493.00
13/12/25,UPI-FLIPKART-flipkart.payu@hdfcbank-PYTM0123456-190644947463-Order,190644947463,13/12/25,569.00,,109924.00
13/12/25,UPI-INDIAN OIL FUEL STATION-iocl.fuelstn@icici-ICIC0DC0099-466743872180-Fuel,466743872180,13/12/25,1131.00,,108793.00
15/12/25,UPI-RAPIDO-rapido.rzp@hdfcbank-HDFC0MERUPI-907632473296-Ride,907632473296,15/12/25,140.00,,108653.00
15/12/25,UPI-FLIPKART-flipkart.payu@hdfcbank-SBIN0016209-421688378361-Order,421688378361,15/12/25,3058.00,,105595.00
15/12/25,UPI-BIGBASKET-bigbasket.rzp@hdfcbank-UTIB0000553-492068575511-Order,492068575511,15/12/25,808.00,,104787.00
16/12/25,UPI-PRADIP KUMAR DAS-pradipkdas61@oksbi-SBIN0016209-794698086759-Home,794698086759,16/12/25,2145.00,,102642.00
17/12/25,UPI-BIGBASKET-bigbasket.rzp@hdfcbank-ICIC0DC0099-626768213456-Order,626768213456,17/12/25,528.00,,102114.00
17/12/25,UPI-ZEPTO-zeptonow@icici-PYTM0123456-949596621866-Order,949596621866,17/12/25,434.00,,101680.00
17/12/25,UPI-BLINKIT-blinkit.payu@hdfcbank-ICIC0DC0099-132281791880-Order,132281791880,17/12/25,1272.00,,100408.00
18/12/25,UPI-ANKITA ROY-ankitaroy99@oksbi-YESB0YBLUPI-261229191431-Split,261229191431,18/12/25,1676.00,,98732.00
18/12/25,UPI-ZEPTO-zeptonow@icici-ICIC0DC0099-832356315005-Order,832356315005,18/12/25,566.00,,98166.00
19/12/25,ATM WDL-087546-SALT LAKE KOLKATA,504000087546,19/12/25,2000.00,,96166.00
19/12/25,UPI-ANKITA ROY-ankitaroy99@oksbi-HDFC0MERUPI-337523067908-Bill share,337523067908,19/12/25,579.00,,95587.00
20/12/25,UPI-LOKNATH GENERAL STORE-loknathstore@ybl-PYTM0123456-633977354908-Payment,633977354908,20/12/25,1192.00,,94395.00
20/12/25,ATM WDL-923341-SALT LAKE KOLKATA,516925923341,20/12/25,2500.00,,91895.00
20/12/25,ATM WDL-600166-SALT LAKE KOLKATA,775437600166,20/12/25,2500.00,,89395.00
21/12/25,UPI-JIO PREPAID-jio@sbi-ICIC0DC0099-809964516197-Recharge,809964516197,21/12/25,599.00,,88796.00
22/12/25,UPI-JIO PREPAID-jio@sbi-ICIC0DC0099-230991131243-Data pack,230991131243,22/12/25,69.00,,88727.00
22/12/25,UPI-IRCTC-irctc.rzp@hdfcbank-SBIN0016209-996288953910-Ticket,996288953910,22/12/25,3500.00,,85227.00
22/12/25,UPI-TRENDS UNISEX SALON-trendssalon@okaxis-YESB0YBLUPI-191676587735-Payment,191676587735,22/12/25,366.00,,84861.00
23/12/25,UPI-INDIAN OIL FUEL STATION-iocl.fuelstn@icici-ICIC0DC0099-644638012634-Fuel,644638012634,23/12/25,870.00,,83991.00
25/12/25,UPI-AMAZON PAY-amazonpay.rzp@hdfcbank-HDFC0MERUPI-829084838623-Order,829084838623,25/12/25,1216.00,,82775.00
25/12/25,UPI-SWIGGY-swiggy.rzp@hdfcbank-ICIC0DC0099-573842275620-Food order,573842275620,25/12/25,144.00,,82631.00
27/12/25,UPI-SHREE XEROX CENTRE-shreexerox@paytm-UTIB0000553-824663411668-Payment,824663411668,27/12/25,116.00,,82515.00
28/12/25,NEFT-HDFCN29462078402-ABC TECH PVT LTD-SALARY DEC 2025,294620784021,28/12/25,,42000.00,124515.00
28/12/25,UPI-ZEPTO-zeptonow@icici-HDFC0MERUPI-985607162589-Order,985607162589,28/12/25,1047.00,,123468.00
28/12/25,UPI-QUICK WASH LAUNDRY-quickwash@ybl-ICIC0DC0099-859631190895-Payment,859631190895,28/12/25,435.00,,123033.00
29/12/25,UPI-SPICE GARDEN RESTAURANT-spicegarden@ybl-HDFC0MERUPI-751989950148-Payment,751989950148,29/12/25,651.00,,122382.00
29/12/25,UPI-SWIGGY-swiggy.rzp@hdfcbank-UTIB0000553-585994355258-Food order,585994355258,29/12/25,208.00,,122174.00
29/12/25,UPI-BAPI TEA STALL-bapitea@paytm-ICIC0DC0099-461926710677-Payment,461926710677,29/12/25,413.00,,121761.00
29/12/25,UPI-LIFELINE MEDICAL HALL-lifelinemedical@ybl-HDFC0MERUPI-589054104890-Payment,589054104890,29/12/25,980.00,,120781.00
29/12/25,UPI-AMAZON PAY-amazonpay.rzp@hdfcbank-HDFC0MERUPI-789536026762-Order,789536026762,29/12/25,741.00,,120040.00
31/12/25,CREDIT INTEREST CAPITALISED DEC 2025,714796500207,31/12/25,,543.00,120583.00
31/12/25,UPI-RAPIDO-rapido.rzp@hdfcbank-ICIC0DC0099-236461513937-Ride,236461513937,31/12/25,133.00,,120450.00
31/12/25,UPI-RAPIDO-rapido.rzp@hdfcbank-UTIB0000553-604978153142-Ride,604978153142,31/12/25,86.00,,120364.00
31/12/25,UPI-RAPIDO-rapido.rzp@hdfcbank-PYTM0123456-701388711606-Bike ride,701388711606,31/12/25,87.00,,120277.00
01/01/26,UPI-RAPIDO-rapido.rzp@hdfcbank-PYTM0123456-471126664615-Bike ride,471126664615,01/01/26,102.00,,120175.00
01/01/26,UPI-RAPIDO-rapido.rzp@hdfcbank-UTIB0000553-833756618284-Bike ride,833756618284,01/01/26,121.00,,120054.00
02/01/26,UPI-RELIANCE SMART BAZAAR-reliancesmart.rzp@hdfcbank-YESB0YBLUPI-810182121419-Payment,810182121419,02/01/26,1440.00,,118614.00
03/01/26,UPI-TAPAN GHOSH-tapanghosh.1964@oksbi-YESB0YBLUPI-542050450102-Rent Jan,542050450102,03/01/26,6000.00,,112614.00
03/01/26,UPI-WBSEDCL-wbsedcl.billdesk@hdfcbank-HDFC0MERUPI-715327315205-Electricity bill,715327315205,03/01/26,1109.00,,111505.00
04/01/26,UPI-MAA ANNAPURNA BHANDAR-annapurnabhandar@paytm-UTIB0000553-737089737666-Payment,737089737666,04/01/26,148.00,,111357.00
05/01/26,UPI-BAPI TEA STALL-bapitea@paytm-YESB0YBLUPI-471441303257-Payment,471441303257,05/01/26,57.00,,111300.00
05/01/26,UPI-BLINKIT-blinkit.payu@hdfcbank-PYTM0123456-343770618846-Order,343770618846,05/01/26,459.00,,110841.00
05/01/26,UPI-DOLMA MOMO CORNER-dolmamomo@ybl-HDFC0MERUPI-457636103471-Payment,457636103471,05/01/26,389.00,,110452.00
05/01/26,UPI-QUICK WASH LAUNDRY-quickwash@ybl-SBIN0016209-605907396552-Payment,605907396552,05/01/26,316.00,,110136.00
05/01/26,UPI-HP PETROL PUMP SALT LAKE-hppetrol.saltlake@sbi-SBIN0016209-506433484753-Fuel,506433484753,05/01/26,1110.00,,109026.00
07/01/26,UPI-RAPIDO-rapido.rzp@hdfcbank-YESB0YBLUPI-309132411086-Bike ride,309132411086,07/01/26,124.00,,108902.00
08/01/26,UPI-PRADIP KUMAR DAS-pradipkdas61@oksbi-UTIB0000553-461446524849-Home,461446524849,08/01/26,823.00,,108079.00
08/01/26,UPI-RELIANCE SMART BAZAAR-reliancesmart.rzp@hdfcbank-PYTM0123456-766606287260-Payment,766606287260,08/01/26,507.00,,107572.00
09/01/26,ATM WDL-382779-SALT LAKE KOLKATA,191523382779,09/01/26,1500.00,,106072.00
09/01/26,UPI-LIFELINE MEDICAL HALL-lifelinemedical@ybl-YESB0YBLUPI-557704466477-Payment,557704466477,09/01/26,1013.00,,105059.00
09/01/26,UPI-ZOMATO-zomato-order@paytm-YESB0YBLUPI-396474309746-Food order,396474309746,09/01/26,493.00,,104566.00
10/01/26,UPI-BLINKIT-blinkit.payu@hdfcbank-UTIB0000553-702091099269-Order,702091099269,10/01/26,881.00,,103685.00
11/01/26,UPI-RAPIDO-rapido.rzp@hdfcbank-ICIC0DC0099-828675067755-Ride,828675067755,11/01/26,107.00,,103578.00
13/01/26,UPI-SPOTIFY INDIA-spotify.bdsi@icici-ICIC0DC0099-449384476672-Subscription,449384476672,13/01/26,149.00,,103429.00
13/01/26,ATM WDL-886452-SALT LAKE KOLKATA,139728886452,13/01/26,1000.00,,102429.00
13/01/26,UPI-ANKITA ROY-ankitaroy99@oksbi-UTIB0000553-639635141660-Split,639635141660,13/01/26,550.00,,101879.00
15/01/26,UPI-FLIPKART-flipkart.payu@hdfcbank-UTIB0000553-502906377012-Order,502906377012,15/01/26,3507.00,,98372.00
15/01/26,UPI-LIFELINE MEDICAL HALL-lifelinemedical@ybl-SBIN0016209-504580482286-Payment,504580482286,15/01/26,1039.00,,97333.00
17/01/26,IMPS-906776308165-PIXELCRAFT STUDIO-PROJECT PAYMENT,906776308165,17/01/26,,9000.00,106333.00
17/01/26,UPI-FLIPKART-flipkart.payu@hdfcbank-SBIN0016209-432430150708-Order,432430150708,17/01/26,3341.00,,102992.00
17/01/26,ATM WDL-931805-SALT LAKE KOLKATA,993585931805,17/01/26,2500.00,,100492.00
17/01/26,UPI-BAPI TEA STALL-bapitea@paytm-UTIB0000553-894846208350-Payment,894846208350,17/01/26,104.00,,100388.00
18/01/26,UPI-INDIAN OIL FUEL STATION-iocl.fuelstn@icici-UTIB0000553-201431708822-Fuel,201431708822,18/01/26,623.00,,99765.00
18/01/26,UPI-RAPIDO-rapido.rzp@hdfcbank-ICIC0DC0099-827214995699-Bike ride,827214995699,18/01/26,89.00,,99676.00
18/01/26,UPI-ZOMATO-zomato-order@paytm-ICIC0DC0099-182382458429-Food order,182382458429,18/01/26,392.00,,99284.00
18/01/26,UPI-DOLMA MOMO CORNER-dolmamomo@ybl-PYTM0123456-673498362838-Payment,673498362838,18/01/26,20.00,,99264.00
19/01/26,UPI-RELIANCE SMART BAZAAR-reliancesmart.rzp@hdfcbank-HDFC0MERUPI-130987517659-Payment,130987517659,19/01/26,991.00,,98273.00
19/01/26,UPI-HP PETROL PUMP SALT LAKE-hppetrol.saltlake@sbi-SBIN0016209-569051961664-Fuel,569051961664,19/01/26,1002.00,,97271.00
19/01/26,UPI-BAPI TEA STALL-bapitea@paytm-PYTM0123456-968490827028-Payment,968490827028,19/01/26,322.00,,96949.00
19/01/26,UPI-QUICK WASH LAUNDRY-quickwash@ybl-ICIC0DC0099-248127338498-Payment,248127338498,19/01/26,113.00,,96836.00
20/01/26,UPI-JIO PREPAID-jio@sbi-SBIN0016209-817247476318-Data pack,817247476318,20/01/26,199.00,,96637.00
21/01/26,UPI-TRENDS UNISEX SALON-trendssalon@okaxis-HDFC0MERUPI-897211371138-Payment,897211371138,21/01/26,159.00,,96478.00
21/01/26,UPI-SWIGGY-swiggy.rzp@hdfcbank-PYTM0123456-708196455408-Food order,708196455408,21/01/26,682.00,,95796.00
22/01/26,UPI-CROMA-croma.infiniti@hdfcbank-PYTM0123456-242352301821-Order,242352301821,22/01/26,7900.00,,87896.00
22/01/26,UPI-ZOMATO-zomato-order@paytm-ICIC0DC0099-138076689524-Food order,138076689524,22/01/26,144.00,,87752.00
22/01/26,ATM WDL-595770-SALT LAKE KOLKATA,251092595770,22/01/26,1500.00,,86252.00
22/01/26,UPI-QUICK WASH LAUNDRY-quickwash@ybl-HDFC0MERUPI-862529864672-Payment,862529864672,22/01/26,291.00,,85961.00
23/01/26,UPI-SPICE GARDEN RESTAURANT-spicegarden@ybl-PYTM0123456-286647657308-Payment,286647657308,23/01/26,1177.00,,84784.00
23/01/26,UPI-BIGBASKET-bigbasket.rzp@hdfcbank-PYTM0123456-924864114825-Order,924864114825,23/01/26,353.00,,84431.00
25/01/26,UPI-JIO PREPAID-jio@sbi-SBIN0016209-551632554937-Recharge,551632554937,25/01/26,299.00,,84132.00
25/01/26,UPI-JIO PREPAID-jio@sbi-HDFC0MERUPI-134176957836-Data pack,134176957836,25/01/26,69.00,,84063.00
25/01/26,UPI-RAPIDO-rapido.rzp@hdfcbank-UTIB0000553-501642051862-Bike ride,501642051862,25/01/26,86.00,,83977.00
25/01/26,UPI-FLIPKART-flipkart.payu@hdfcbank-HDFC0MERUPI-923261024589-Order,923261024589,25/01/26,1358.00,,82619.00
26/01/26,UPI-BAPI TEA STALL-bapitea@paytm-PYTM0123456-460348320130-Payment,460348320130,26/01/26,406.00,,82213.00
26/01/26,UPI-LIFELINE MEDICAL HALL-lifelinemedical@ybl-YESB0YBLUPI-145132538504-Payment,145132538504,26/01/26,266.00,,81947.00
28/01/26,NEFT-HDFCN20332904993-ABC TECH PVT LTD-SALARY JAN 2026,203329049932,28/01/26,,42000.00,123947.00
28/01/26,UPI-CAFE BY THE LANE-cafebythelane@paytm-ICIC0DC0099-745761329720-Payment,745761329720,28/01/26,748.00,,123199.00
29/01/26,UPI-AMAZON PAY-amazonpay.rzp@hdfcbank-SBIN0016209-133315018209-Order,133315018209,29/01/26,411.00,,122788.00
01/02/26,UPI-PHARMEASY-pharmeasy.rzp@hdfcbank-PYTM0123456-202290892899-Order,202290892899,01/02/26,294.00,,122494.00
01/02/26,UPI-AMAZON PAY-amazonpay.rzp@hdfcbank-HDFC0MERUPI-320903619878-Order,320903619878,01/02/26,1621.00,,120873.00
01/02/26,UPI-SWIGGY-swiggy.rzp@hdfcbank-HDFC0MERUPI-826814350323-Food order,826814350323,01/02/26,321.00,,120552.00
02/02/26,UPI-TAPAN GHOSH-tapanghosh.1964@oksbi-PYTM0123456-273397921732-Rent Feb,273397921732,02/02/26,5500.00,,115052.00
02/02/26,UPI-RELIANCE SMART BAZAAR-reliancesmart.rzp@hdfcbank-PYTM0123456-604328707261-Payment,604328707261,02/02/26,612.00,,114440.00
02/02/26,UPI-RELIANCE SMART BAZAAR-reliancesmart.rzp@hdfcbank-SBIN0016209-792815622417-Payment,792815622417,02/02/26,193.00,,114247.00
04/02/26,UPI-AMAZON PAY-amazonpay.rzp@hdfcbank-HDFC0MERUPI-630886342058-Order,630886342058,04/02/26,3245.00,,111002.00
04/02/26,UPI-DOLMA MOMO CORNER-dolmamomo@ybl-YESB0YBLUPI-317922571915-Payment,317922571915,04/02/26,52.00,,110950.00
05/02/26,ATM WDL-188869-SALT LAKE KOLKATA,883204188869,05/02/26,2500.00,,108450.00
05/02/26,UPI-FLIPKART-flipkart.payu@hdfcbank-YESB0YBLUPI-785816177927-Order,785816177927,05/02/26,622.00,,107828.00
05/02/26,UPI-DEBOLINA PAUL-debolina.p@okhdfcbank-UTIB0000553-324077557114-Bill share,324077557114,05/02/26,1590.00,,106238.00
05/02/26,UPI-HP PETROL PUMP SALT LAKE-hppetrol.saltlake@sbi-PYTM0123456-701426425777-Fuel,701426425777,05/02/26,692.00,,105546.00
06/02/26,UPI-WBSEDCL-wbsedcl.billdesk@hdfcbank-ICIC0DC0099-970307592101-Electricity bill,970307592101,06/02/26,1239.00,,104307.00
06/02/26,UPI-RAPIDO-rapido.rzp@hdfcbank-YESB0YBLUPI-502606509460-Ride,502606509460,06/02/26,90.00,,104217.00
06/02/26,UPI-INDIAN OIL FUEL STATION-iocl.fuelstn@icici-ICIC0DC0099-673277522098-Fuel,673277522098,06/02/26,794.00,,103423.00
06/02/26,UPI-INDIAN OIL FUEL STATION-iocl.fuelstn@icici-HDFC0MERUPI-490156842740-Fuel,490156842740,06/02/26,1208.00,,102215.00
07/02/26,UPI-SPOTIFY INDIA-spotify.bdsi@icici-SBIN0016209-972339910386-Subscription,972339910386,07/02/26,149.00,,102066.00
08/02/26,UPI-SPICE GARDEN RESTAURANT-spicegarden@ybl-SBIN0016209-599758076893-Payment,599758076893,08/02/26,831.00,,101235.00
08/02/26,UPI-SAYAN MONDAL-sayan.mondal@okaxis-ICIC0DC0099-751258958874-Trip share,751258958874,08/02/26,2340.00,,98895.00
09/02/26,UPI-RAPIDO-rapido.rzp@hdfcbank-UTIB0000553-851478990450-Bike ride,851478990450,09/02/26,128.00,,98767.00
10/02/26,UPI-PHARMEASY-pharmeasy.rzp@hdfcbank-ICIC0DC0099-479969569072-Order,479969569072,10/02/26,392.00,,98375.00
10/02/26,UPI-DOMINOS PIZZA-dominos.jfl@hdfcbank-SBIN0016209-139929271557-Order,139929271557,10/02/26,1171.00,,97204.00
10/02/26,UPI-PRADIP KUMAR DAS-pradipkdas61@oksbi-SBIN0016209-173194288244-Home,173194288244,10/02/26,456.00,,96748.00
11/02/26,UPI-SHREE XEROX CENTRE-shreexerox@paytm-SBIN0016209-521374075599-Payment,521374075599,11/02/26,430.00,,96318.00
12/02/26,IMPS-694761189712-PIXELCRAFT STUDIO-PROJECT PAYMENT,694761189712,12/02/26,,6000.00,102318.00
12/02/26,UPI-DOMINOS PIZZA-dominos.jfl@hdfcbank-HDFC0MERUPI-267598069309-Order,267598069309,12/02/26,1250.00,,101068.00
13/02/26,UPI-JIO PREPAID-jio@sbi-YESB0YBLUPI-211783324334-Data pack,211783324334,13/02/26,199.00,,100869.00
13/02/26,UPI-ZOMATO-zomato-order@paytm-YESB0YBLUPI-684837859028-Food order,684837859028,13/02/26,675.00,,100194.00
13/02/26,UPI-RAPIDO-rapido.rzp@hdfcbank-SBIN0016209-151418782910-Bike ride,151418782910,13/02/26,90.00,,100104.00
13/02/26,UPI-ZOMATO-zomato-order@paytm-PYTM0123456-231085894011-Food order,231085894011,13/02/26,381.00,,99723.00
14/02/26,UPI-ZOMATO-zomato-order@paytm-HDFC0MERUPI-435665579341-Food order,435665579341,14/02/26,624.00,,99099.00
14/02/26,UPI-BIGBASKET-bigbasket.rzp@hdfcbank-PYTM0123456-887363085210-Order,887363085210,14/02/26,580.00,,98519.00
14/02/26,ATM WDL-326745-SALT LAKE KOLKATA,539128326745,14/02/26,2000.00,,96519.00
15/02/26,ATM WDL-772082-SALT LAKE KOLKATA,663664772082,15/02/26,1000.00,,95519.00
15/02/26,UPI-RAPIDO-rapido.rzp@hdfcbank-UTIB0000553-560904182789-Bike ride,560904182789,15/02/26,92.00,,95427.00
15/02/26,ATM WDL-426588-SALT LAKE KOLKATA,753905426588,15/02/26,2500.00,,92927.00
15/02/26,UPI-TRENDS UNISEX SALON-trendssalon@okaxis-YESB0YBLUPI-581827840298-Payment,581827840298,15/02/26,325.00,,92602.00
15/02/26,UPI-DOLMA MOMO CORNER-dolmamomo@ybl-UTIB0000553-622218086967-Payment,622218086967,15/02/26,96.00,,92506.00
16/02/26,UPI-BAPI TEA STALL-bapitea@paytm-HDFC0MERUPI-119455832576-Payment,119455832576,16/02/26,59.00,,92447.00
16/02/26,UPI-SPICE GARDEN RESTAURANT-spicegarden@ybl-SBIN0016209-900516281081-Payment,900516281081,16/02/26,1011.00,,91436.00
17/02/26,UPI-TRENDS UNISEX SALON-trendssalon@okaxis-ICIC0DC0099-960992428124-Payment,960992428124,17/02/26,60.00,,91376.00
17/02/26,UPI-ZOMATO-zomato-order@paytm-UTIB0000553-445836562812-Food order,445836562812,17/02/26,174.00,,91202.00
19/02/26,UPI-JIO PREPAID-jio@sbi-ICIC0DC0099-911163125493-Data pack,911163125493,19/02/26,199.00,,91003.00
19/02/26,UPI-LOKNATH GENERAL STORE-loknathstore@ybl-SBIN0016209-282622041275-Payment,282622041275,19/02/26,1209.00,,89794.00
20/02/26,UPI-AMAZON PAY-amazonpay.rzp@hdfcbank-SBIN0016209-986345902223-Order,986345902223,20/02/26,1074.00,,88720.00
20/02/26,UPI-ANKITA ROY-ankitaroy99@oksbi-UTIB0000553-705916723730-Return,705916723730,20/02/26,1584.00,,87136.00
20/02/26,UPI-BIGBASKET-bigbasket.rzp@hdfcbank-UTIB0000553-223728348527-Order,223728348527,20/02/26,864.00,,86272.00
20/02/26,UPI-PRADIP KUMAR DAS-pradipkdas61@oksbi-YESB0YBLUPI-366312760024-Home,366312760024,20/02/26,1784.00,,84488.00
21/02/26,ATM WDL-915296-SALT LAKE KOLKATA,925761915296,21/02/26,1000.00,,83488.00
21/02/26,UPI-RAPIDO-rapido.rzp@hdfcbank-ICIC0DC0099-288121291201-Bike ride,288121291201,21/02/26,122.00,,83366.00
21/02/26,UPI-SWIGGY-swiggy.rzp@hdfcbank-YESB0YBLUPI-379536023025-Food order,379536023025,21/02/26,548.00,,82818.00
21/02/26,UPI-PHARMEASY-pharmeasy.rzp@hdfcbank-UTIB0000553-874032788262-Order,874032788262,21/02/26,1064.00,,81754.00
23/02/26,UPI-RAPIDO-rapido.rzp@hdfcbank-ICIC0DC0099-832505381807-Bike ride,832505381807,23/02/26,91.00,,81663.00
24/02/26,UPI-JIO PREPAID-jio@sbi-HDFC0MERUPI-614081232776-Recharge,614081232776,24/02/26,699.00,,80964.00
24/02/26,ATM WDL-158275-SALT LAKE KOLKATA,815758158275,24/02/26,500.00,,80464.00
25/02/26,UPI-PHARMEASY-pharmeasy.rzp@hdfcbank-ICIC0DC0099-632451487640-Order,632451487640,25/02/26,1000.00,,79464.00
26/02/26,UPI-ZOMATO-zomato-order@paytm-ICIC0DC0099-285074820753-Food order,285074820753,26/02/26,550.00,,78914.00
26/02/26,UPI-RAPIDO-rapido.rzp@hdfcbank-SBIN0016209-105173716034-Ride,105173716034,26/02/26,92.00,,78822.00
27/02/26,UPI-AMAZON PAY-amazonpay.rzp@hdfcbank-ICIC0DC0099-150020700053-Order,150020700053,27/02/26,3082.00,,75740.00
27/02/26,UPI-RAPIDO-rapido.rzp@hdfcbank-SBIN0016209-901873416676-Bike ride,901873416676,27/02/26,78.00,,75662.00
28/02/26,NEFT-HDFCN66966595560-ABC TECH PVT LTD-SALARY FEB 2026,669665955607,28/02/26,,41000.00,116662.00
28/02/26,UPI-TRENDS UNISEX SALON-trendssalon@okaxis-UTIB0000553-695212501601-Payment,695212501601,28/02/26,162.00,,116500.00
01/03/26,UPI-SWIGGY-swiggy.rzp@hdfcbank-HDFC0MERUPI-159357362789-Food order,159357362789,01/03/26,478.00,,116022.00
01/03/26,UPI-SHREE XEROX CENTRE-shreexerox@paytm-YESB0YBLUPI-531802094535-Payment,531802094535,01/03/26,247.00,,115775.00
01/03/26,UPI-BLINKIT-blinkit.payu@hdfcbank-UTIB0000553-135400353811-Order,135400353811,01/03/26,1382.00,,114393.00
01/03/26,UPI-BIGBASKET-bigbasket.rzp@hdfcbank-UTIB0000553-711542514399-Order,711542514399,01/03/26,913.00,,113480.00
02/03/26,ATM WDL-337283-SALT LAKE KOLKATA,785798337283,02/03/26,2000.00,,111480.00
03/03/26,UPI-TAPAN GHOSH-tapanghosh.1964@oksbi-HDFC0MERUPI-285450118233-Rent Mar,285450118233,03/03/26,6000.00,,105480.00
03/03/26,ATM WDL-966094-SALT LAKE KOLKATA,321444966094,03/03/26,1500.00,,103980.00
04/03/26,UPI-BLINKIT-blinkit.payu@hdfcbank-UTIB0000553-931096991764-Order,931096991764,04/03/26,505.00,,103475.00
04/03/26,UPI-FLIPKART-flipkart.payu@hdfcbank-UTIB0000553-820034692103-Order,820034692103,04/03/26,2644.00,,100831.00
05/03/26,UPI-RELIANCE SMART BAZAAR-reliancesmart.rzp@hdfcbank-YESB0YBLUPI-117576791510-Payment,117576791510,05/03/26,771.00,,100060.00
07/03/26,UPI-PHARMEASY-pharmeasy.rzp@hdfcbank-SBIN0016209-927845626391-Order,927845626391,07/03/26,1330.00,,98730.00
08/03/26,UPI-WBSEDCL-wbsedcl.billdesk@hdfcbank-UTIB0000553-670640841584-Electricity bill,670640841584,08/03/26,1081.00,,97649.00
08/03/26,UPI-DOLMA MOMO CORNER-dolmamomo@ybl-PYTM0123456-863948286785-Payment,863948286785,08/03/26,463.00,,97186.00
09/03/26,UPI-RAPIDO-rapido.rzp@hdfcbank-UTIB0000553-455618560633-Bike ride,455618560633,09/03/26,108.00,,97078.00
10/03/26,UPI-TRENDS UNISEX SALON-trendssalon@okaxis-YESB0YBLUPI-226916783362-Payment,226916783362,10/03/26,140.00,,96938.00
10/03/26,UPI-HP PETROL PUMP SALT LAKE-hppetrol.saltlake@sbi-PYTM0123456-520109674625-Fuel,520109674625,10/03/26,713.00,,96225.00
11/03/26,UPI-JIO PREPAID-jio@sbi-PYTM0123456-793628709272-Data pack,793628709272,11/03/26,99.00,,96126.00
11/03/26,UPI-RAPIDO-rapido.rzp@hdfcbank-YESB0YBLUPI-471801382250-Ride,471801382250,11/03/26,134.00,,95992.00
11/03/26,UPI-AMAZON PAY-amazonpay.rzp@hdfcbank-PYTM0123456-850513676905-Order,850513676905,11/03/26,3672.00,,92320.00
11/03/26,UPI-RAPIDO-rapido.rzp@hdfcbank-UTIB0000553-358781613305-Bike ride,358781613305,11/03/26,88.00,,92232.00
12/03/26,UPI-ZOMATO-zomato-order@paytm-SBIN0016209-370057533707-Food order,370057533707,12/03/26,578.00,,91654.00
13/03/26,UPI-SPOTIFY INDIA-spotify.bdsi@icici-ICIC0DC0099-734261279160-Subscription,734261279160,13/03/26,149.00,,91505.00
14/03/26,UPI-AMAZON PAY-amazonpay.rzp@hdfcbank-YESB0YBLUPI-687321836128-Order,687321836128,14/03/26,1418.00,,90087.00
14/03/26,UPI-SWIGGY-swiggy.rzp@hdfcbank-SBIN0016209-292140707885-Food order,292140707885,14/03/26,559.00,,89528.00
14/03/26,UPI-INDIAN OIL FUEL STATION-iocl.fuelstn@icici-HDFC0MERUPI-366704951564-Fuel,366704951564,14/03/26,1000.00,,88528.00
14/03/26,UPI-SPICE GARDEN RESTAURANT-spicegarden@ybl-YESB0YBLUPI-626829870584-Payment,626829870584,14/03/26,130.00,,88398.00
16/03/26,UPI-FLIPKART-flipkart.payu@hdfcbank-HDFC0MERUPI-104841176068-Order,104841176068,16/03/26,2554.00,,85844.00
16/03/26,UPI-SWIGGY-swiggy.rzp@hdfcbank-SBIN0016209-122557396427-Food order,122557396427,16/03/26,290.00,,85554.00
16/03/26,UPI-LIFELINE MEDICAL HALL-lifelinemedical@ybl-UTIB0000553-517258499049-Payment,517258499049,16/03/26,184.00,,85370.00
16/03/26,UPI-BAPI TEA STALL-bapitea@paytm-HDFC0MERUPI-235666255511-Payment,235666255511,16/03/26,478.00,,84892.00
17/03/26,UPI-DOLMA MOMO CORNER-dolmamomo@ybl-YESB0YBLUPI-460055471215-Payment,460055471215,17/03/26,161.00,,84731.00
18/03/26,UPI-ARCHIES GIFT GALLERY-archiesgift@ybl-UTIB0000553-524539378955-Payment,524539378955,18/03/26,4800.00,,79931.00
18/03/26,UPI-SWIGGY-swiggy.rzp@hdfcbank-ICIC0DC0099-588635529593-Food order,588635529593,18/03/26,149.00,,79782.00
18/03/26,UPI-AMAZON PAY-amazonpay.rzp@hdfcbank-UTIB0000553-913664149218-Order,913664149218,18/03/26,3529.00,,76253.00
18/03/26,UPI-KFC-kfc.devyani@icici-YESB0YBLUPI-998993132470-Payment,998993132470,18/03/26,439.00,,75814.00
18/03/26,UPI-SHREE XEROX CENTRE-shreexerox@paytm-HDFC0MERUPI-703925708448-Payment,703925708448,18/03/26,404.00,,75410.00
18/03/26,UPI-INDIAN OIL FUEL STATION-iocl.fuelstn@icici-HDFC0MERUPI-425124963932-Fuel,425124963932,18/03/26,862.00,,74548.00
19/03/26,UPI-BAPI TEA STALL-bapitea@paytm-HDFC0MERUPI-863935652618-Payment,863935652618,19/03/26,187.00,,74361.00
19/03/26,UPI-ANKITA ROY-ankitaroy99@oksbi-HDFC0MERUPI-210810561069-Return,210810561069,19/03/26,829.00,,73532.00
22/03/26,UPI-JIO PREPAID-jio@sbi-HDFC0MERUPI-467655866861-Recharge,467655866861,22/03/26,399.00,,73133.00
22/03/26,UPI-ZEPTO-zeptonow@icici-SBIN0016209-703942920805-Order,703942920805,22/03/26,1412.00,,71721.00
22/03/26,UPI-LIFELINE MEDICAL HALL-lifelinemedical@ybl-ICIC0DC0099-861832865918-Payment,861832865918,22/03/26,1289.00,,70432.00
23/03/26,UPI-BIGBASKET-bigbasket.rzp@hdfcbank-SBIN0016209-368229957477-Order,368229957477,23/03/26,1034.00,,69398.00
24/03/26,UPI-BIGBASKET-bigbasket.rzp@hdfcbank-ICIC0DC0099-139951891578-Order,139951891578,24/03/26,900.00,,68498.00
27/03/26,UPI-RAPIDO-rapido.rzp@hdfcbank-UTIB0000553-836288431773-Bike ride,836288431773,27/03/26,96.00,,68402.00
27/03/26,UPI-RAPIDO-rapido.rzp@hdfcbank-PYTM0123456-516554857291-Bike ride,516554857291,27/03/26,127.00,,68275.00
27/03/26,UPI-MAA ANNAPURNA BHANDAR-annapurnabhandar@paytm-PYTM0123456-770269049399-Payment,770269049399,27/03/26,1135.00,,67140.00
28/03/26,NEFT-HDFCN97632864227-ABC TECH PVT LTD-SALARY MAR 2026,976328642270,28/03/26,,42000.00,109140.00
28/03/26,UPI-RITWIK SEN-ritwik.sen7@ybl-UTIB0000553-665203206057-Trip share,665203206057,28/03/26,2673.00,,106467.00
28/03/26,UPI-SWIGGY-swiggy.rzp@hdfcbank-PYTM0123456-794458260606-Food order,794458260606,28/03/26,378.00,,106089.00
28/03/26,ATM WDL-049550-SALT LAKE KOLKATA,656689049550,28/03/26,2000.00,,104089.00
29/03/26,UPI-FLIPKART-flipkart.payu@hdfcbank-SBIN0016209-486504071693-Order,486504071693,29/03/26,516.00,,103573.00
29/03/26,UPI-SWIGGY-swiggy.rzp@hdfcbank-SBIN0016209-113832166268-Food order,113832166268,29/03/26,210.00,,103363.00
30/03/26,UPI-BAPI TEA STALL-bapitea@paytm-HDFC0MERUPI-527045430676-Payment,527045430676,30/03/26,376.00,,102987.00
30/03/26,UPI-RAPIDO-rapido.rzp@hdfcbank-ICIC0DC0099-742351930946-Bike ride,742351930946,30/03/26,86.00,,102901.00
31/03/26,CREDIT INTEREST CAPITALISED MAR 2026,919752886880,31/03/26,,379.00,103280.00
31/03/26,UPI-PHARMEASY-pharmeasy.rzp@hdfcbank-HDFC0MERUPI-216089261512-Order,216089261512,31/03/26,1024.00,,102256.00
31/03/26,UPI-QUICK WASH LAUNDRY-quickwash@ybl-UTIB0000553-637621763174-Payment,637621763174,31/03/26,236.00,,102020.00
01/04/26,UPI-PRADIP KUMAR DAS-pradipkdas61@oksbi-UTIB0000553-997637431267-Home,997637431267,01/04/26,2359.00,,99661.00
01/04/26,UPI-RAPIDO-rapido.rzp@hdfcbank-YESB0YBLUPI-308361958742-Bike ride,308361958742,01/04/26,114.00,,99547.00
01/04/26,UPI-BLINKIT-blinkit.payu@hdfcbank-YESB0YBLUPI-192536563713-Order,192536563713,01/04/26,1347.00,,98200.00
01/04/26,UPI-SWIGGY-swiggy.rzp@hdfcbank-UTIB0000553-534725196599-Food order,534725196599,01/04/26,309.00,,97891.00
02/04/26,UPI-RAPIDO-rapido.rzp@hdfcbank-UTIB0000553-480540497144-Ride,480540497144,02/04/26,86.00,,97805.00
03/04/26,UPI-TAPAN GHOSH-tapanghosh.1964@oksbi-YESB0YBLUPI-453196662043-Rent Apr,453196662043,03/04/26,5500.00,,92305.00
03/04/26,UPI-RELIANCE SMART BAZAAR-reliancesmart.rzp@hdfcbank-PYTM0123456-937803465666-Payment,937803465666,03/04/26,139.00,,92166.00
04/04/26,UPI-RAPIDO-rapido.rzp@hdfcbank-YESB0YBLUPI-603158342644-Bike ride,603158342644,04/04/26,92.00,,92074.00
05/04/26,UPI-HP PETROL PUMP SALT LAKE-hppetrol.saltlake@sbi-SBIN0016209-218728556024-Fuel,218728556024,05/04/26,446.00,,91628.00
06/04/26,UPI-SWIGGY-swiggy.rzp@hdfcbank-SBIN0016209-636269026514-Food order,636269026514,06/04/26,200.00,,91428.00
06/04/26,ATM WDL-884335-SALT LAKE KOLKATA,233921884335,06/04/26,2000.00,,89428.00
07/04/26,UPI-WBSEDCL-wbsedcl.billdesk@hdfcbank-HDFC0MERUPI-478329045906-Electricity bill,478329045906,07/04/26,1062.00,,88366.00
07/04/26,UPI-SPOTIFY INDIA-spotify.bdsi@icici-SBIN0016209-613005327135-Subscription,613005327135,07/04/26,129.00,,88237.00
07/04/26,UPI-AMAZON PAY-amazonpay.rzp@hdfcbank-YESB0YBLUPI-926453000351-Order,926453000351,07/04/26,1065.00,,87172.00
07/04/26,UPI-RAPIDO-rapido.rzp@hdfcbank-UTIB0000553-851707721672-Ride,851707721672,07/04/26,110.00,,87062.00
08/04/26,UPI-SPICE GARDEN RESTAURANT-spicegarden@ybl-YESB0YBLUPI-585600658205-Payment,585600658205,08/04/26,238.00,,86824.00
08/04/26,UPI-TRENDS UNISEX SALON-trendssalon@okaxis-PYTM0123456-621618711006-Payment,621618711006,08/04/26,435.00,,86389.00
10/04/26,UPI-FLIPKART-flipkart.payu@hdfcbank-UTIB0000553-546878678087-Order,546878678087,10/04/26,2582.00,,83807.00
10/04/26,UPI-AMAZON PAY-amazonpay.rzp@hdfcbank-PYTM0123456-175764489122-Order,175764489122,10/04/26,3313.00,,80494.00
11/04/26,UPI-TRENDS UNISEX SALON-trendssalon@okaxis-UTIB0000553-677866487300-Payment,677866487300,11/04/26,258.00,,80236.00
12/04/26,UPI-BIGBASKET-bigbasket.rzp@hdfcbank-YESB0YBLUPI-482720136074-Order,482720136074,12/04/26,535.00,,79701.00
12/04/26,ATM WDL-702315-SALT LAKE KOLKATA,258297702315,12/04/26,1500.00,,78201.00
14/04/26,UPI-RITWIK SEN-ritwik.sen7@ybl-UTIB0000553-768307681305-Trip share,768307681305,14/04/26,508.00,,77693.00
15/04/26,UPI-AMAZON PAY-amazonpay.rzp@hdfcbank-ICIC0DC0099-215044536197-Order,215044536197,15/04/26,2535.00,,75158.00
15/04/26,UPI-BLINKIT-blinkit.payu@hdfcbank-UTIB0000553-928639553595-Order,928639553595,15/04/26,841.00,,74317.00
16/04/26,IMPS-799547903564-PIXELCRAFT STUDIO-PROJECT PAYMENT,799547903564,16/04/26,,6000.00,80317.00
16/04/26,UPI-QUICK WASH LAUNDRY-quickwash@ybl-ICIC0DC0099-731715701687-Payment,731715701687,16/04/26,98.00,,80219.00
16/04/26,UPI-RAPIDO-rapido.rzp@hdfcbank-PYTM0123456-441786575230-Ride,441786575230,16/04/26,115.00,,80104.00
18/04/26,UPI-PRADIP KUMAR DAS-pradipkdas61@oksbi-SBIN0016209-764967441574-Home,764967441574,18/04/26,2615.00,,77489.00
18/04/26,UPI-LOKNATH GENERAL STORE-loknathstore@ybl-SBIN0016209-376677757880-Payment,376677757880,18/04/26,1162.00,,76327.00
18/04/26,UPI-QUICK WASH LAUNDRY-quickwash@ybl-ICIC0DC0099-377496109184-Payment,377496109184,18/04/26,168.00,,76159.00
18/04/26,ATM WDL-396473-SALT LAKE KOLKATA,913524396473,18/04/26,1500.00,,74659.00
19/04/26,UPI-INDIAN OIL FUEL STATION-iocl.fuelstn@icici-HDFC0MERUPI-328752539184-Fuel,328752539184,19/04/26,869.00,,73790.00
19/04/26,UPI-TRENDS UNISEX SALON-trendssalon@okaxis-ICIC0DC0099-994890031238-Payment,994890031238,19/04/26,90.00,,73700.00
20/04/26,UPI-RAPIDO-rapido.rzp@hdfcbank-YESB0YBLUPI-221596073182-Bike ride,221596073182,20/04/26,90.00,,73610.00
20/04/26,UPI-PHARMEASY-pharmeasy.rzp@hdfcbank-PYTM0123456-318689394696-Order,318689394696,20/04/26,839.00,,72771.00
21/04/26,UPI-JIO PREPAID-jio@sbi-PYTM0123456-900230683751-Recharge,900230683751,21/04/26,299.00,,72472.00
21/04/26,UPI-CAFE BY THE LANE-cafebythelane@paytm-SBIN0016209-543826628681-Payment,543826628681,21/04/26,287.00,,72185.00
22/04/26,UPI-FLIPKART-flipkart.payu@hdfcbank-PYTM0123456-767703208765-Order,767703208765,22/04/26,3476.00,,68709.00
22/04/26,UPI-RAPIDO-rapido.rzp@hdfcbank-SBIN0016209-930778036553-Bike ride,930778036553,22/04/26,95.00,,68614.00
23/04/26,UPI-SWIGGY-swiggy.rzp@hdfcbank-ICIC0DC0099-724163709330-Food order,724163709330,23/04/26,457.00,,68157.00
24/04/26,ATM WDL-712697-SALT LAKE KOLKATA,933285712697,24/04/26,1000.00,,67157.00
25/04/26,UPI-INDIAN OIL FUEL STATION-iocl.fuelstn@icici-ICIC0DC0099-522436755511-Fuel,522436755511,25/04/26,621.00,,66536.00
26/04/26,UPI-JIO PREPAID-jio@sbi-ICIC0DC0099-627346104165-Data pack,627346104165,26/04/26,129.00,,66407.00
27/04/26,UPI-SWIGGY-swiggy.rzp@hdfcbank-SBIN0016209-612876456630-Food order,612876456630,27/04/26,183.00,,66224.00
28/04/26,NEFT-HDFCN42516777914-ABC TECH PVT LTD-SALARY APR 2026,425167779143,28/04/26,,40000.00,106224.00
28/04/26,UPI-DOLMA MOMO CORNER-dolmamomo@ybl-YESB0YBLUPI-974217800027-Payment,974217800027,28/04/26,245.00,,105979.00
29/04/26,UPI-CAFE BY THE LANE-cafebythelane@paytm-ICIC0DC0099-464082864986-Payment,464082864986,29/04/26,807.00,,105172.00
29/04/26,UPI-RELIANCE SMART BAZAAR-reliancesmart.rzp@hdfcbank-YESB0YBLUPI-428066488441-Payment,428066488441,29/04/26,1419.00,,103753.00
30/04/26,UPI-PRADIP KUMAR DAS-pradipkdas61@oksbi-YESB0YBLUPI-337108994116-Home,337108994116,30/04/26,2659.00,,101094.00
30/04/26,UPI-SWIGGY-swiggy.rzp@hdfcbank-PYTM0123456-294256554274-Food order,294256554274,30/04/26,257.00,,100837.00
30/04/26,UPI-RAPIDO-rapido.rzp@hdfcbank-YESB0YBLUPI-695363295176-Bike ride,695363295176,30/04/26,99.00,,100738.00
01/05/26,UPI-RELIANCE SMART BAZAAR-reliancesmart.rzp@hdfcbank-ICIC0DC0099-772917621535-Payment,772917621535,01/05/26,836.00,,99902.00
01/05/26,UPI-FLIPKART-flipkart.payu@hdfcbank-HDFC0MERUPI-216509316255-Order,216509316255,01/05/26,3346.00,,96556.00
01/05/26,UPI-ZOMATO-zomato-order@paytm-YESB0YBLUPI-860709777447-Food order,860709777447,01/05/26,394.00,,96162.00
02/05/26,UPI-TAPAN GHOSH-tapanghosh.1964@oksbi-SBIN0016209-970994625205-Rent May,970994625205,02/05/26,6500.00,,89662.00
03/05/26,UPI-MAA ANNAPURNA BHANDAR-annapurnabhandar@paytm-YESB0YBLUPI-911209318376-Payment,911209318376,03/05/26,504.00,,89158.00
03/05/26,ATM WDL-436102-SALT LAKE KOLKATA,581624436102,03/05/26,1000.00,,88158.00
04/05/26,UPI-HP PETROL PUMP SALT LAKE-hppetrol.saltlake@sbi-ICIC0DC0099-909866980165-Fuel,909866980165,04/05/26,853.00,,87305.00
04/05/26,UPI-BLINKIT-blinkit.payu@hdfcbank-HDFC0MERUPI-711478817664-Order,711478817664,04/05/26,733.00,,86572.00
04/05/26,UPI-QUICK WASH LAUNDRY-quickwash@ybl-ICIC0DC0099-159832293012-Payment,159832293012,04/05/26,44.00,,86528.00
05/05/26,UPI-JIO PREPAID-jio@sbi-SBIN0016209-392700167603-Data pack,392700167603,05/05/26,159.00,,86369.00
05/05/26,UPI-RAPIDO-rapido.rzp@hdfcbank-YESB0YBLUPI-887684960523-Bike ride,887684960523,05/05/26,98.00,,86271.00
05/05/26,UPI-ZEPTO-zeptonow@icici-UTIB0000553-553437457983-Order,553437457983,05/05/26,593.00,,85678.00
06/05/26,UPI-HP PETROL PUMP SALT LAKE-hppetrol.saltlake@sbi-YESB0YBLUPI-798514503480-Fuel,798514503480,06/05/26,946.00,,84732.00
07/05/26,UPI-AMAZON PAY-amazonpay.rzp@hdfcbank-HDFC0MERUPI-955932992649-Order,955932992649,07/05/26,314.00,,84418.00
07/05/26,UPI-DOLMA MOMO CORNER-dolmamomo@ybl-PYTM0123456-312299167335-Payment,312299167335,07/05/26,228.00,,84190.00
07/05/26,UPI-SHREE XEROX CENTRE-shreexerox@paytm-HDFC0MERUPI-677509876780-Payment,677509876780,07/05/26,174.00,,84016.00
08/05/26,UPI-FLIPKART-flipkart.payu@hdfcbank-YESB0YBLUPI-273178969934-Order,273178969934,08/05/26,537.00,,83479.00
09/05/26,UPI-WBSEDCL-wbsedcl.billdesk@hdfcbank-UTIB0000553-215476841673-Electricity bill,215476841673,09/05/26,586.00,,82893.00
09/05/26,UPI-SPOTIFY INDIA-spotify.bdsi@icici-UTIB0000553-183262801855-Subscription,183262801855,09/05/26,129.00,,82764.00
09/05/26,UPI-ZEPTO-zeptonow@icici-ICIC0DC0099-185758299493-Order,185758299493,09/05/26,138.00,,82626.00
09/05/26,UPI-AMAZON PAY-amazonpay.rzp@hdfcbank-ICIC0DC0099-836917626306-Order,836917626306,09/05/26,1873.00,,80753.00
09/05/26,UPI-RAPIDO-rapido.rzp@hdfcbank-ICIC0DC0099-342890963013-Bike ride,342890963013,09/05/26,97.00,,80656.00
09/05/26,ATM WDL-311635-SALT LAKE KOLKATA,199884311635,09/05/26,2000.00,,78656.00
09/05/26,UPI-QUICK WASH LAUNDRY-quickwash@ybl-SBIN0016209-689714622609-Payment,689714622609,09/05/26,31.00,,78625.00
10/05/26,UPI-LIFELINE MEDICAL HALL-lifelinemedical@ybl-UTIB0000553-856228454469-Payment,856228454469,10/05/26,1330.00,,77295.00
10/05/26,UPI-ANKITA ROY-ankitaroy99@oksbi-HDFC0MERUPI-484649688262-Bill share,484649688262,10/05/26,1775.00,,75520.00
11/05/26,UPI-DOMINOS PIZZA-dominos.jfl@hdfcbank-PYTM0123456-706424404750-Order,706424404750,11/05/26,1216.00,,74304.00
11/05/26,UPI-SPICE GARDEN RESTAURANT-spicegarden@ybl-SBIN0016209-525715825915-Payment,525715825915,11/05/26,500.00,,73804.00
11/05/26,UPI-DOMINOS PIZZA-dominos.jfl@hdfcbank-HDFC0MERUPI-618173720533-Order,618173720533,11/05/26,1417.00,,72387.00
12/05/26,UPI-HP PETROL PUMP SALT LAKE-hppetrol.saltlake@sbi-ICIC0DC0099-934029669665-Fuel,934029669665,12/05/26,480.00,,71907.00
12/05/26,UPI-RAPIDO-rapido.rzp@hdfcbank-SBIN0016209-170754014484-Ride,170754014484,12/05/26,82.00,,71825.00
12/05/26,UPI-BAPI TEA STALL-bapitea@paytm-SBIN0016209-417796273404-Payment,417796273404,12/05/26,327.00,,71498.00
13/05/26,ATM WDL-123106-SALT LAKE KOLKATA,348831123106,13/05/26,1000.00,,70498.00
15/05/26,UPI-JIO PREPAID-jio@sbi-PYTM0123456-403734907240-Data pack,403734907240,15/05/26,159.00,,70339.00
15/05/26,UPI-BAPI TEA STALL-bapitea@paytm-HDFC0MERUPI-138319009221-Payment,138319009221,15/05/26,343.00,,69996.00
15/05/26,UPI-RAPIDO-rapido.rzp@hdfcbank-PYTM0123456-599368312295-Bike ride,599368312295,15/05/26,132.00,,69864.00
15/05/26,UPI-RAPIDO-rapido.rzp@hdfcbank-YESB0YBLUPI-328077154937-Bike ride,328077154937,15/05/26,129.00,,69735.00
16/05/26,UPI-BLINKIT-blinkit.payu@hdfcbank-ICIC0DC0099-179089144470-Order,179089144470,16/05/26,408.00,,69327.00
16/05/26,UPI-ZOMATO-zomato-order@paytm-PYTM0123456-427637063257-Food order,427637063257,16/05/26,210.00,,69117.00
17/05/26,UPI-BIGBASKET-bigbasket.rzp@hdfcbank-YESB0YBLUPI-418119380815-Order,418119380815,17/05/26,577.00,,68540.00
18/05/26,UPI-RAPIDO-rapido.rzp@hdfcbank-SBIN0016209-322806260939-Bike ride,322806260939,18/05/26,86.00,,68454.00
18/05/26,UPI-DOLMA MOMO CORNER-dolmamomo@ybl-HDFC0MERUPI-130113437603-Payment,130113437603,18/05/26,311.00,,68143.00
19/05/26,UPI-JIO PREPAID-jio@sbi-YESB0YBLUPI-787313857661-Recharge,787313857661,19/05/26,499.00,,67644.00
19/05/26,UPI-QUICK WASH LAUNDRY-quickwash@ybl-PYTM0123456-646547561938-Payment,646547561938,19/05/26,424.00,,67220.00
19/05/26,UPI-BAPI TEA STALL-bapitea@paytm-YESB0YBLUPI-694141511332-Payment,694141511332,19/05/26,384.00,,66836.00
20/05/26,UPI-LIFELINE MEDICAL HALL-lifelinemedical@ybl-PYTM0123456-734264041858-Payment,734264041858,20/05/26,930.00,,65906.00
20/05/26,UPI-INDIAN OIL FUEL STATION-iocl.fuelstn@icici-YESB0YBLUPI-858012746781-Fuel,858012746781,20/05/26,540.00,,65366.00
21/05/26,UPI-RAPIDO-rapido.rzp@hdfcbank-ICIC0DC0099-815650455040-Ride,815650455040,21/05/26,112.00,,65254.00
21/05/26,UPI-AMAZON PAY-amazonpay.rzp@hdfcbank-SBIN0016209-693572436123-Order,693572436123,21/05/26,3535.00,,61719.00
22/05/26,UPI-SHREE XEROX CENTRE-shreexerox@paytm-UTIB0000553-678248558443-Payment,678248558443,22/05/26,106.00,,61613.00
23/05/26,IMPS-189176953235-PIXELCRAFT STUDIO-PROJECT PAYMENT,189176953235,23/05/26,,9000.00,70613.00
24/05/26,UPI-PRADIP KUMAR DAS-pradipkdas61@oksbi-UTIB0000553-811403237365-Home,811403237365,24/05/26,1435.00,,69178.00
24/05/26,UPI-AMAZON PAY-amazonpay.rzp@hdfcbank-UTIB0000553-158764540469-Order,158764540469,24/05/26,3386.00,,65792.00
25/05/26,UPI-DEBOLINA PAUL-debolina.p@okhdfcbank-PYTM0123456-622523653107-Split,622523653107,25/05/26,822.00,,64970.00
25/05/26,UPI-RAPIDO-rapido.rzp@hdfcbank-YESB0YBLUPI-812601147464-Bike ride,812601147464,25/05/26,92.00,,64878.00
26/05/26,UPI-RAPIDO-rapido.rzp@hdfcbank-UTIB0000553-229983811465-Ride,229983811465,26/05/26,111.00,,64767.00
28/05/26,NEFT-HDFCN80963836853-ABC TECH PVT LTD-SALARY MAY 2026,809638368534,28/05/26,,42000.00,106767.00
29/05/26,UPI-JIO PREPAID-jio@sbi-UTIB0000553-405834330408-Data pack,405834330408,29/05/26,159.00,,106608.00
31/05/26,UPI-BLINKIT-blinkit.payu@hdfcbank-YESB0YBLUPI-855721349538-Order,855721349538,31/05/26,802.00,,105806.00
31/05/26,UPI-ZOMATO-zomato-order@paytm-ICIC0DC0099-911913736688-Food order,911913736688,31/05/26,461.00,,105345.00
31/05/26,UPI-FLIPKART-flipkart.payu@hdfcbank-HDFC0MERUPI-530238342488-Order,530238342488,31/05/26,2620.00,,102725.00
02/06/26,UPI-TAPAN GHOSH-tapanghosh.1964@oksbi-HDFC0MERUPI-764436477509-Rent Jun,764436477509,02/06/26,6500.00,,96225.00
03/06/26,UPI-BIGBASKET-bigbasket.rzp@hdfcbank-ICIC0DC0099-925955496054-Order,925955496054,03/06/26,1026.00,,95199.00
04/06/26,UPI-SPICE GARDEN RESTAURANT-spicegarden@ybl-HDFC0MERUPI-711758450138-Payment,711758450138,04/06/26,349.00,,94850.00
04/06/26,UPI-LIFELINE MEDICAL HALL-lifelinemedical@ybl-ICIC0DC0099-534175762424-Payment,534175762424,04/06/26,151.00,,94699.00
04/06/26,ATM WDL-634921-SALT LAKE KOLKATA,339977634921,04/06/26,2000.00,,92699.00
05/06/26,UPI-WBSEDCL-wbsedcl.billdesk@hdfcbank-ICIC0DC0099-699611492927-Electricity bill,699611492927,05/06/26,800.00,,91899.00
06/06/26,UPI-ZOMATO-zomato-order@paytm-PYTM0123456-451209187010-Food order,451209187010,06/06/26,405.00,,91494.00
06/06/26,UPI-BAPI TEA STALL-bapitea@paytm-SBIN0016209-988573876526-Payment,988573876526,06/06/26,391.00,,91103.00
06/06/26,UPI-ZOMATO-zomato-order@paytm-HDFC0MERUPI-912584345383-Food order,912584345383,06/06/26,359.00,,90744.00
06/06/26,UPI-QUICK WASH LAUNDRY-quickwash@ybl-HDFC0MERUPI-602851423461-Payment,602851423461,06/06/26,29.00,,90715.00
07/06/26,ATM WDL-591093-SALT LAKE KOLKATA,953503591093,07/06/26,2000.00,,88715.00
07/06/26,UPI-SPICE GARDEN RESTAURANT-spicegarden@ybl-UTIB0000553-784225973066-Payment,784225973066,07/06/26,1051.00,,87664.00
08/06/26,UPI-RAPIDO-rapido.rzp@hdfcbank-ICIC0DC0099-601831205697-Ride,601831205697,08/06/26,127.00,,87537.00
08/06/26,UPI-PHARMEASY-pharmeasy.rzp@hdfcbank-PYTM0123456-421363451871-Order,421363451871,08/06/26,126.00,,87411.00
08/06/26,UPI-SPICE GARDEN RESTAURANT-spicegarden@ybl-ICIC0DC0099-400846406786-Payment,400846406786,08/06/26,136.00,,87275.00
09/06/26,UPI-FLIPKART-flipkart.payu@hdfcbank-UTIB0000553-992044798494-Order,992044798494,09/06/26,3786.00,,83489.00
09/06/26,UPI-MAA ANNAPURNA BHANDAR-annapurnabhandar@paytm-PYTM0123456-679342897672-Payment,679342897672,09/06/26,988.00,,82501.00
10/06/26,UPI-BAPI TEA STALL-bapitea@paytm-YESB0YBLUPI-560911948030-Payment,560911948030,10/06/26,376.00,,82125.00
10/06/26,UPI-DOLMA MOMO CORNER-dolmamomo@ybl-YESB0YBLUPI-854621476504-Payment,854621476504,10/06/26,97.00,,82028.00
10/06/26,UPI-AMAZON PAY-amazonpay.rzp@hdfcbank-HDFC0MERUPI-163160514526-Order,163160514526,10/06/26,1868.00,,80160.00
10/06/26,UPI-DOMINOS PIZZA-dominos.jfl@hdfcbank-HDFC0MERUPI-460555644490-Order,460555644490,10/06/26,245.00,,79915.00
10/06/26,UPI-SHREE XEROX CENTRE-shreexerox@paytm-YESB0YBLUPI-775449145603-Payment,775449145603,10/06/26,79.00,,79836.00
11/06/26,UPI-RAPIDO-rapido.rzp@hdfcbank-SBIN0016209-412156226912-Ride,412156226912,11/06/26,135.00,,79701.00
11/06/26,UPI-PHARMEASY-pharmeasy.rzp@hdfcbank-ICIC0DC0099-404642608325-Order,404642608325,11/06/26,765.00,,78936.00
12/06/26,UPI-SPOTIFY INDIA-spotify.bdsi@icici-SBIN0016209-926857595815-Subscription,926857595815,12/06/26,129.00,,78807.00
12/06/26,UPI-JIO PREPAID-jio@sbi-UTIB0000553-392611212937-Data pack,392611212937,12/06/26,159.00,,78648.00
12/06/26,UPI-AMAZON PAY-amazonpay.rzp@hdfcbank-YESB0YBLUPI-293307462848-Order,293307462848,12/06/26,1251.00,,77397.00
12/06/26,UPI-DOLMA MOMO CORNER-dolmamomo@ybl-SBIN0016209-506381770393-Payment,506381770393,12/06/26,149.00,,77248.00
13/06/26,UPI-RAPIDO-rapido.rzp@hdfcbank-YESB0YBLUPI-107259402798-Bike ride,107259402798,13/06/26,130.00,,77118.00
13/06/26,UPI-SHREE XEROX CENTRE-shreexerox@paytm-PYTM0123456-146025428236-Payment,146025428236,13/06/26,402.00,,76716.00
13/06/26,UPI-QUICK WASH LAUNDRY-quickwash@ybl-UTIB0000553-117742800071-Payment,117742800071,13/06/26,446.00,,76270.00
14/06/26,UPI-SWIGGY-swiggy.rzp@hdfcbank-SBIN0016209-942034165594-Food order,942034165594,14/06/26,204.00,,76066.00
15/06/26,IMPS-220017690606-PIXELCRAFT STUDIO-PROJECT PAYMENT,220017690606,15/06/26,,6000.00,82066.00
15/06/26,UPI-RELIANCE SMART BAZAAR-reliancesmart.rzp@hdfcbank-HDFC0MERUPI-943719211076-Payment,943719211076,15/06/26,760.00,,81306.00
15/06/26,UPI-ZOMATO-zomato-order@paytm-UTIB0000553-983698695382-Food order,983698695382,15/06/26,470.00,,80836.00
16/06/26,UPI-INDIAN OIL FUEL STATION-iocl.fuelstn@icici-UTIB0000553-139594673293-Fuel,139594673293,16/06/26,1104.00,,79732.00
16/06/26,UPI-SPICE GARDEN RESTAURANT-spicegarden@ybl-ICIC0DC0099-319184548618-Payment,319184548618,16/06/26,780.00,,78952.00
17/06/26,UPI-SWIGGY-swiggy.rzp@hdfcbank-PYTM0123456-626148704929-Food order,626148704929,17/06/26,282.00,,78670.00
17/06/26,UPI-KFC-kfc.devyani@icici-UTIB0000553-862481540055-Payment,862481540055,17/06/26,1038.00,,77632.00
18/06/26,UPI-CROMA-croma.infiniti@hdfcbank-YESB0YBLUPI-881539640914-Order,881539640914,18/06/26,10999.00,,66633.00
18/06/26,UPI-RELIANCE SMART BAZAAR-reliancesmart.rzp@hdfcbank-UTIB0000553-215526514841-Payment,215526514841,18/06/26,865.00,,65768.00
18/06/26,UPI-FLIPKART-flipkart.payu@hdfcbank-YESB0YBLUPI-491865492191-Order,491865492191,18/06/26,1625.00,,64143.00
19/06/26,UPI-FLIPKART-flipkart.payu@hdfcbank-HDFC0MERUPI-301885012805-Order,301885012805,19/06/26,3469.00,,60674.00
19/06/26,UPI-SHREE XEROX CENTRE-shreexerox@paytm-YESB0YBLUPI-364190786326-Payment,364190786326,19/06/26,437.00,,60237.00
20/06/26,UPI-JIO PREPAID-jio@sbi-PYTM0123456-438656557405-Data pack,438656557405,20/06/26,69.00,,60168.00
21/06/26,ATM WDL-487862-SALT LAKE KOLKATA,100885487862,21/06/26,2000.00,,58168.00
21/06/26,UPI-RITWIK SEN-ritwik.sen7@ybl-UTIB0000553-108374279493-Bill share,108374279493,21/06/26,874.00,,57294.00
21/06/26,UPI-ZEPTO-zeptonow@icici-YESB0YBLUPI-929774129922-Order,929774129922,21/06/26,457.00,,56837.00
22/06/26,UPI-QUICK WASH LAUNDRY-quickwash@ybl-YESB0YBLUPI-576207870838-Payment,576207870838,22/06/26,224.00,,56613.00
22/06/26,UPI-RAPIDO-rapido.rzp@hdfcbank-YESB0YBLUPI-294783110149-Ride,294783110149,22/06/26,121.00,,56492.00
22/06/26,UPI-FLIPKART-flipkart.payu@hdfcbank-UTIB0000553-254611466989-Order,254611466989,22/06/26,1264.00,,55228.00
23/06/26,UPI-JIO PREPAID-jio@sbi-HDFC0MERUPI-658527214922-Recharge,658527214922,23/06/26,299.00,,54929.00
23/06/26,UPI-JIO PREPAID-jio@sbi-UTIB0000553-764758288509-Data pack,764758288509,23/06/26,69.00,,54860.00
24/06/26,ATM WDL-211790-SALT LAKE KOLKATA,964745211790,24/06/26,2500.00,,52360.00
24/06/26,UPI-PRADIP KUMAR DAS-pradipkdas61@oksbi-SBIN0016209-763567644942-Home,763567644942,24/06/26,2280.00,,50080.00
24/06/26,UPI-RAPIDO-rapido.rzp@hdfcbank-HDFC0MERUPI-781657096717-Bike ride,781657096717,24/06/26,117.00,,49963.00
25/06/26,UPI-SWIGGY-swiggy.rzp@hdfcbank-HDFC0MERUPI-175197745919-Food order,175197745919,25/06/26,366.00,,49597.00
25/06/26,UPI-RAPIDO-rapido.rzp@hdfcbank-UTIB0000553-166534548506-Ride,166534548506,25/06/26,114.00,,49483.00
25/06/26,ATM WDL-457012-SALT LAKE KOLKATA,663073457012,25/06/26,2000.00,,47483.00
26/06/26,UPI-PRADIP KUMAR DAS-pradipkdas61@oksbi-SBIN0016209-234945733154-Home,234945733154,26/06/26,2794.00,,44689.00
27/06/26,UPI-ANKITA ROY-ankitaroy99@oksbi-ICIC0DC0099-232604581513-Split,232604581513,27/06/26,789.00,,43900.00
28/06/26,NEFT-HDFCN64110201869-ABC TECH PVT LTD-SALARY JUN 2026,641102018699,28/06/26,,38000.00,81900.00
28/06/26,UPI-INDIAN OIL FUEL STATION-iocl.fuelstn@icici-UTIB0000553-125448001848-Fuel,125448001848,28/06/26,878.00,,81022.00
29/06/26,UPI-ZEPTO-zeptonow@icici-ICIC0DC0099-477200063568-Order,477200063568,29/06/26,969.00,,80053.00
29/06/26,UPI-RAPIDO-rapido.rzp@hdfcbank-UTIB0000553-161478476179-Ride,161478476179,29/06/26,126.00,,79927.00
30/06/26,CREDIT INTEREST CAPITALISED JUN 2026,994340233032,30/06/26,,436.00,80363.00
02/07/26,UPI-INDIAN OIL FUEL STATION-iocl.fuelstn@icici-UTIB0000553-204495592666-Fuel,204495592666,02/07/26,701.00,,79662.00
03/07/26,UPI-WBSEDCL-wbsedcl.billdesk@hdfcbank-ICIC0DC0099-965070427191-Electricity bill,965070427191,03/07/26,1035.00,,78627.00
03/07/26,UPI-RAPIDO-rapido.rzp@hdfcbank-ICIC0DC0099-609304838694-Bike ride,609304838694,03/07/26,136.00,,78491.00
04/07/26,UPI-TAPAN GHOSH-tapanghosh.1964@oksbi-HDFC0MERUPI-896926125610-Rent Jul,896926125610,04/07/26,6000.00,,72491.00
05/07/26,UPI-RAPIDO-rapido.rzp@hdfcbank-PYTM0123456-229992469053-Ride,229992469053,05/07/26,135.00,,72356.00
07/07/26,UPI-TRENDS UNISEX SALON-trendssalon@okaxis-UTIB0000553-851577877038-Payment,851577877038,07/07/26,229.00,,72127.00
07/07/26,UPI-RAPIDO-rapido.rzp@hdfcbank-UTIB0000553-345953785287-Ride,345953785287,07/07/26,79.00,,72048.00
08/07/26,UPI-RAPIDO-rapido.rzp@hdfcbank-SBIN0016209-266678398529-Ride,266678398529,08/07/26,105.00,,71943.00
08/07/26,ATM WDL-812837-SALT LAKE KOLKATA,970210812837,08/07/26,500.00,,71443.00
09/07/26,UPI-SAYAN MONDAL-sayan.mondal@okaxis-PYTM0123456-293192356865-Bill share,293192356865,09/07/26,2352.00,,69091.00
12/07/26,UPI-SPOTIFY INDIA-spotify.bdsi@icici-PYTM0123456-442398840867-Subscription,442398840867,12/07/26,149.00,,68942.00
13/07/26,UPI-AMAZON PAY-amazonpay.rzp@hdfcbank-HDFC0MERUPI-126434487386-Order,126434487386,13/07/26,3094.00,,65848.00
13/07/26,UPI-KFC-kfc.devyani@icici-UTIB0000553-277826586637-Payment,277826586637,13/07/26,772.00,,65076.00
13/07/26,UPI-QUICK WASH LAUNDRY-quickwash@ybl-YESB0YBLUPI-959101886785-Payment,959101886785,13/07/26,157.00,,64919.00
14/07/26,UPI-BLINKIT-blinkit.payu@hdfcbank-SBIN0016209-166065631439-Order,166065631439,14/07/26,1430.00,,63489.00
15/07/26,IMPS-675464380435-PIXELCRAFT STUDIO-PROJECT PAYMENT,675464380435,15/07/26,,7500.00,70989.00
15/07/26,UPI-JIO PREPAID-jio@sbi-YESB0YBLUPI-836964654301-Data pack,836964654301,15/07/26,69.00,,70920.00
15/07/26,UPI-DOMINOS PIZZA-dominos.jfl@hdfcbank-YESB0YBLUPI-234426605846-Order,234426605846,15/07/26,631.00,,70289.00
15/07/26,UPI-LOKNATH GENERAL STORE-loknathstore@ybl-HDFC0MERUPI-158136537514-Payment,158136537514,15/07/26,229.00,,70060.00
16/07/26,UPI-RAPIDO-rapido.rzp@hdfcbank-ICIC0DC0099-921331003287-Ride,921331003287,16/07/26,83.00,,69977.00
16/07/26,ATM WDL-986542-SALT LAKE KOLKATA,296992986542,16/07/26,1000.00,,68977.00
17/07/26,UPI-SPICE GARDEN RESTAURANT-spicegarden@ybl-PYTM0123456-750189760035-Payment,750189760035,17/07/26,551.00,,68426.00
17/07/26,UPI-AMAZON PAY-amazonpay.rzp@hdfcbank-PYTM0123456-900741183934-Order,900741183934,17/07/26,3403.00,,65023.00
17/07/26,UPI-PRADIP KUMAR DAS-pradipkdas61@oksbi-UTIB0000553-677546873324-Home,677546873324,17/07/26,1195.00,,63828.00
18/07/26,UPI-LOKNATH GENERAL STORE-loknathstore@ybl-PYTM0123456-861909661729-Payment,861909661729,18/07/26,955.00,,62873.00
18/07/26,ATM WDL-156756-SALT LAKE KOLKATA,248225156756,18/07/26,1500.00,,61373.00
18/07/26,UPI-INDIAN OIL FUEL STATION-iocl.fuelstn@icici-PYTM0123456-856324443377-Fuel,856324443377,18/07/26,645.00,,60728.00
20/07/26,UPI-DOLMA MOMO CORNER-dolmamomo@ybl-HDFC0MERUPI-289447556686-Payment,289447556686,20/07/26,137.00,,60591.00
20/07/26,UPI-BLINKIT-blinkit.payu@hdfcbank-UTIB0000553-539570445215-Order,539570445215,20/07/26,309.00,,60282.00
20/07/26,UPI-BAPI TEA STALL-bapitea@paytm-HDFC0MERUPI-121654622585-Payment,121654622585,20/07/26,134.00,,60148.00
20/07/26,UPI-SWIGGY-swiggy.rzp@hdfcbank-PYTM0123456-697916448132-Food order,697916448132,20/07/26,192.00,,59956.00
20/07/26,UPI-BAPI TEA STALL-bapitea@paytm-HDFC0MERUPI-531987702596-Payment,531987702596,20/07/26,150.00,,59806.00
21/07/26,UPI-ZOMATO-zomato-order@paytm-UTIB0000553-341635502225-Food order,341635502225,21/07/26,356.00,,59450.00
22/07/26,UPI-AMAZON PAY-amazonpay.rzp@hdfcbank-ICIC0DC0099-951673209277-Order,951673209277,22/07/26,1363.00,,58087.00
22/07/26,ATM WDL-154550-SALT LAKE KOLKATA,455880154550,22/07/26,2500.00,,55587.00
22/07/26,UPI-FLIPKART-flipkart.payu@hdfcbank-PYTM0123456-168865529109-Order,168865529109,22/07/26,1140.00,,54447.00
23/07/26,UPI-JIO PREPAID-jio@sbi-PYTM0123456-230403435547-Recharge,230403435547,23/07/26,399.00,,54048.00
23/07/26,UPI-ZOMATO-zomato-order@paytm-HDFC0MERUPI-159285013737-Food order,159285013737,23/07/26,474.00,,53574.00
24/07/26,UPI-AMAZON PAY-amazonpay.rzp@hdfcbank-PYTM0123456-635665207672-Order,635665207672,24/07/26,4195.00,,49379.00
24/07/26,UPI-RAPIDO-rapido.rzp@hdfcbank-YESB0YBLUPI-941280704630-Ride,941280704630,24/07/26,97.00,,49282.00
25/07/26,UPI-BIGBASKET-bigbasket.rzp@hdfcbank-HDFC0MERUPI-812789090220-Order,812789090220,25/07/26,1424.00,,47858.00
25/07/26,UPI-CAFE BY THE LANE-cafebythelane@paytm-HDFC0MERUPI-400043748211-Payment,400043748211,25/07/26,680.00,,47178.00
25/07/26,UPI-TRENDS UNISEX SALON-trendssalon@okaxis-UTIB0000553-502137289567-Payment,502137289567,25/07/26,410.00,,46768.00
26/07/26,UPI-AMAZON PAY-amazonpay.rzp@hdfcbank-YESB0YBLUPI-707045417878-Order,707045417878,26/07/26,3418.00,,43350.00
26/07/26,UPI-BIGBASKET-bigbasket.rzp@hdfcbank-SBIN0016209-819648314468-Order,819648314468,26/07/26,655.00,,42695.00
26/07/26,UPI-LIFELINE MEDICAL HALL-lifelinemedical@ybl-ICIC0DC0099-946176990144-Payment,946176990144,26/07/26,193.00,,42502.00
27/07/26,UPI-JIO PREPAID-jio@sbi-UTIB0000553-337312873405-Data pack,337312873405,27/07/26,69.00,,42433.00
28/07/26,NEFT-HDFCN14327713113-ABC TECH PVT LTD-SALARY JUL 2026,143277131130,28/07/26,,40000.00,82433.00
28/07/26,UPI-ANKITA ROY-ankitaroy99@oksbi-YESB0YBLUPI-259021323866-Trip share,259021323866,28/07/26,1363.00,,81070.00
28/07/26,UPI-RAPIDO-rapido.rzp@hdfcbank-HDFC0MERUPI-216636240531-Ride,216636240531,28/07/26,99.00,,80971.00
28/07/26,UPI-CAFE BY THE LANE-cafebythelane@paytm-YESB0YBLUPI-503734908135-Payment,503734908135,28/07/26,635.00,,80336.00
29/07/26,UPI-BIGBASKET-bigbasket.rzp@hdfcbank-SBIN0016209-685285625484-Order,685285625484,29/07/26,1182.00,,79154.00
01/08/26,UPI-SWIGGY-swiggy.rzp@hdfcbank-SBIN0016209-377677037405-Food order,377677037405,01/08/26,507.00,,78647.00
01/08/26,UPI-SHREE XEROX CENTRE-shreexerox@paytm-YESB0YBLUPI-336162187854-Payment,336162187854,01/08/26,35.00,,78612.00
02/08/26,UPI-DOMINOS PIZZA-dominos.jfl@hdfcbank-HDFC0MERUPI-119616834215-Order,119616834215,02/08/26,825.00,,77787.00
02/08/26,UPI-TRENDS UNISEX SALON-trendssalon@okaxis-PYTM0123456-662602391073-Payment,662602391073,02/08/26,448.00,,77339.00
02/08/26,UPI-ANKITA ROY-ankitaroy99@oksbi-HDFC0MERUPI-171453514068-Trip share,171453514068,02/08/26,621.00,,76718.00
03/08/26,UPI-ANKITA ROY-ankitaroy99@oksbi-HDFC0MERUPI-227698385587-Bill share,227698385587,03/08/26,409.00,,76309.00
04/08/26,UPI-TAPAN GHOSH-tapanghosh.1964@oksbi-HDFC0MERUPI-340267256703-Rent Aug,340267256703,04/08/26,5500.00,,70809.00
04/08/26,UPI-RAPIDO-rapido.rzp@hdfcbank-UTIB0000553-973978254302-Ride,973978254302,04/08/26,83.00,,70726.00
06/08/26,UPI-JIO PREPAID-jio@sbi-PYTM0123456-148943981064-Data pack,148943981064,06/08/26,99.00,,70627.00
06/08/26,UPI-PHARMEASY-pharmeasy.rzp@hdfcbank-HDFC0MERUPI-495188243394-Order,495188243394,06/08/26,1257.00,,69370.00
07/08/26,UPI-WBSEDCL-wbsedcl.billdesk@hdfcbank-ICIC0DC0099-672894769691-Electricity bill,672894769691,07/08/26,654.00,,68716.00
07/08/26,UPI-ZOMATO-zomato-order@paytm-HDFC0MERUPI-266126502346-Food order,266126502346,07/08/26,337.00,,68379.00
07/08/26,UPI-DEBOLINA PAUL-debolina.p@okhdfcbank-YESB0YBLUPI-592874619707-Trip share,592874619707,07/08/26,1808.00,,66571.00
08/08/26,UPI-HP PETROL PUMP SALT LAKE-hppetrol.saltlake@sbi-SBIN0016209-875821764910-Fuel,875821764910,08/08/26,703.00,,65868.00
10/08/26,UPI-SPOTIFY INDIA-spotify.bdsi@icici-ICIC0DC0099-790840446773-Subscription,790840446773,10/08/26,129.00,,65739.00
12/08/26,UPI-RAPIDO-rapido.rzp@hdfcbank-UTIB0000553-904254580878-Ride,904254580878,12/08/26,102.00,,65637.00
12/08/26,UPI-SHREE XEROX CENTRE-shreexerox@paytm-PYTM0123456-144672347500-Payment,144672347500,12/08/26,222.00,,65415.00
12/08/26,UPI-FLIPKART-flipkart.payu@hdfcbank-SBIN0016209-196495163436-Order,196495163436,12/08/26,3242.00,,62173.00
14/08/26,IMPS-530474083905-PIXELCRAFT STUDIO-PROJECT PAYMENT,530474083905,14/08/26,,7500.00,69673.00
14/08/26,UPI-BIGBASKET-bigbasket.rzp@hdfcbank-ICIC0DC0099-158945438272-Order,158945438272,14/08/26,1118.00,,68555.00
16/08/26,UPI-JIO PREPAID-jio@sbi-ICIC0DC0099-409328551551-Data pack,409328551551,16/08/26,199.00,,68356.00
17/08/26,UPI-JIO PREPAID-jio@sbi-SBIN0016209-602289934969-Recharge,602289934969,17/08/26,299.00,,68057.00
17/08/26,ATM WDL-783800-SALT LAKE KOLKATA,153313783800,17/08/26,1500.00,,66557.00
17/08/26,UPI-BIGBASKET-bigbasket.rzp@hdfcbank-PYTM0123456-569602127160-Order,569602127160,17/08/26,483.00,,66074.00
18/08/26,UPI-REDBUS-redbus.ibibo@hdfcbank-SBIN0016209-350053148579-Ticket,350053148579,18/08/26,5200.00,,60874.00
19/08/26,UPI-SWIGGY-swiggy.rzp@hdfcbank-UTIB0000553-764315867646-Food order,764315867646,19/08/26,333.00,,60541.00
19/08/26,UPI-KFC-kfc.devyani@icici-YESB0YBLUPI-608885554679-Payment,608885554679,19/08/26,583.00,,59958.00
19/08/26,UPI-BAPI TEA STALL-bapitea@paytm-ICIC0DC0099-931608115569-Payment,931608115569,19/08/26,340.00,,59618.00
19/08/26,UPI-RAPIDO-rapido.rzp@hdfcbank-SBIN0016209-414626197842-Bike ride,414626197842,19/08/26,78.00,,59540.00
20/08/26,UPI-BAPI TEA STALL-bapitea@paytm-HDFC0MERUPI-986073888849-Payment,986073888849,20/08/26,339.00,,59201.00
20/08/26,UPI-AMAZON PAY-amazonpay.rzp@hdfcbank-ICIC0DC0099-295247376004-Order,295247376004,20/08/26,3885.00,,55316.00
21/08/26,UPI-ZOMATO-zomato-order@paytm-HDFC0MERUPI-694497034992-Food order,694497034992,21/08/26,447.00,,54869.00
21/08/26,UPI-TRENDS UNISEX SALON-trendssalon@okaxis-PYTM0123456-563111002279-Payment,563111002279,21/08/26,109.00,,54760.00
21/08/26,UPI-RAPIDO-rapido.rzp@hdfcbank-ICIC0DC0099-108238414218-Bike ride,108238414218,21/08/26,131.00,,54629.00
21/08/26,UPI-SPICE GARDEN RESTAURANT-spicegarden@ybl-ICIC0DC0099-651425259075-Payment,651425259075,21/08/26,221.00,,54408.00
22/08/26,UPI-CAFE BY THE LANE-cafebythelane@paytm-SBIN0016209-547019274890-Payment,547019274890,22/08/26,1198.00,,53210.00
22/08/26,UPI-ZEPTO-zeptonow@icici-YESB0YBLUPI-645710479796-Order,645710479796,22/08/26,741.00,,52469.00
22/08/26,UPI-DOLMA MOMO CORNER-dolmamomo@ybl-HDFC0MERUPI-374404426667-Payment,374404426667,22/08/26,149.00,,52320.00
22/08/26,ATM WDL-036850-SALT LAKE KOLKATA,301030036850,22/08/26,2500.00,,49820.00
22/08/26,UPI-CAFE BY THE LANE-cafebythelane@paytm-UTIB0000553-735800719299-Payment,735800719299,22/08/26,1310.00,,48510.00
23/08/26,UPI-LIFELINE MEDICAL HALL-lifelinemedical@ybl-PYTM0123456-467536033458-Payment,467536033458,23/08/26,1212.00,,47298.00
24/08/26,UPI-RAPIDO-rapido.rzp@hdfcbank-YESB0YBLUPI-777393664636-Bike ride,777393664636,24/08/26,101.00,,47197.00
24/08/26,UPI-AMAZON PAY-amazonpay.rzp@hdfcbank-SBIN0016209-104777708380-Order,104777708380,24/08/26,2851.00,,44346.00
25/08/26,UPI-RAPIDO-rapido.rzp@hdfcbank-UTIB0000553-759353182258-Ride,759353182258,25/08/26,121.00,,44225.00
25/08/26,ATM WDL-530414-SALT LAKE KOLKATA,124348530414,25/08/26,1500.00,,42725.00
26/08/26,UPI-ZEPTO-zeptonow@icici-HDFC0MERUPI-293400013499-Order,293400013499,26/08/26,1046.00,,41679.00
27/08/26,UPI-TRENDS UNISEX SALON-trendssalon@okaxis-YESB0YBLUPI-116562420621-Payment,116562420621,27/08/26,404.00,,41275.00
27/08/26,UPI-RAPIDO-rapido.rzp@hdfcbank-SBIN0016209-198536275098-Bike ride,198536275098,27/08/26,130.00,,41145.00
27/08/26,ATM WDL-914533-SALT LAKE KOLKATA,673883914533,27/08/26,1000.00,,40145.00
27/08/26,UPI-RAPIDO-rapido.rzp@hdfcbank-UTIB0000553-440424013504-Bike ride,440424013504,27/08/26,130.00,,40015.00
28/08/26,NEFT-HDFCN25683705993-ABC TECH PVT LTD-SALARY AUG 2026,256837059936,28/08/26,,42000.00,82015.00
28/08/26,UPI-FLIPKART-flipkart.payu@hdfcbank-PYTM0123456-869018995137-Order,869018995137,28/08/26,1503.00,,80512.00
29/08/26,UPI-RELIANCE SMART BAZAAR-reliancesmart.rzp@hdfcbank-ICIC0DC0099-993248271735-Payment,993248271735,29/08/26,245.00,,80267.00
29/08/26,UPI-DOMINOS PIZZA-dominos.jfl@hdfcbank-YESB0YBLUPI-395728850116-Order,395728850116,29/08/26,721.00,,79546.00
29/08/26,UPI-SHREE XEROX CENTRE-shreexerox@paytm-ICIC0DC0099-614741481530-Payment,614741481530,29/08/26,283.00,,79263.00
30/08/26,UPI-RAPIDO-rapido.rzp@hdfcbank-HDFC0MERUPI-524357506728-Ride,524357506728,30/08/26,103.00,,79160.00
30/08/26,ATM WDL-044413-SALT LAKE KOLKATA,787906044413,30/08/26,500.00,,78660.00
31/08/26,ATM WDL-154933-SALT LAKE KOLKATA,221151154933,31/08/26,500.00,,78160.00
31/08/26,UPI-SHREE XEROX CENTRE-shreexerox@paytm-UTIB0000553-866359112538-Payment,866359112538,31/08/26,366.00,,77794.00
31/08/26,UPI-HP PETROL PUMP SALT LAKE-hppetrol.saltlake@sbi-YESB0YBLUPI-754757799968-Fuel,754757799968,31/08/26,991.00,,76803.00
31/08/26,UPI-RELIANCE SMART BAZAAR-reliancesmart.rzp@hdfcbank-HDFC0MERUPI-200014863636-Payment,200014863636,31/08/26,1084.00,,75719.00
31/08/26,UPI-BLINKIT-blinkit.payu@hdfcbank-PYTM0123456-427662612910-Order,427662612910,31/08/26,789.00,,74930.00
01/09/26,UPI-DOLMA MOMO CORNER-dolmamomo@ybl-UTIB0000553-764817820885-Payment,764817820885,01/09/26,242.00,,74688.00
03/09/26,UPI-PRADIP KUMAR DAS-pradipkdas61@oksbi-HDFC0MERUPI-804947103520-Home,804947103520,03/09/26,1301.00,,73387.00
03/09/26,UPI-BLINKIT-blinkit.payu@hdfcbank-HDFC0MERUPI-684386603616-Order,684386603616,03/09/26,853.00,,72534.00
04/09/26,UPI-TAPAN GHOSH-tapanghosh.1964@oksbi-HDFC0MERUPI-285613268524-Rent Sep,285613268524,04/09/26,5500.00,,67034.00
05/09/26,UPI-WBSEDCL-wbsedcl.billdesk@hdfcbank-SBIN0016209-575578788133-Electricity bill,575578788133,05/09/26,876.00,,66158.00
05/09/26,UPI-KFC-kfc.devyani@icici-UTIB0000553-274333719632-Payment,274333719632,05/09/26,190.00,,65968.00
05/09/26,UPI-PRADIP KUMAR DAS-pradipkdas61@oksbi-SBIN0016209-198076737955-Home,198076737955,05/09/26,2296.00,,63672.00
06/09/26,UPI-LOKNATH GENERAL STORE-loknathstore@ybl-SBIN0016209-232154942202-Payment,232154942202,06/09/26,1190.00,,62482.00
06/09/26,UPI-SWIGGY-swiggy.rzp@hdfcbank-YESB0YBLUPI-917216810194-Food order,917216810194,06/09/26,493.00,,61989.00
07/09/26,UPI-SPOTIFY INDIA-spotify.bdsi@icici-PYTM0123456-831739663971-Subscription,831739663971,07/09/26,119.00,,61870.00
07/09/26,UPI-INDIAN OIL FUEL STATION-iocl.fuelstn@icici-HDFC0MERUPI-800625312947-Fuel,800625312947,07/09/26,665.00,,61205.00
07/09/26,UPI-RAPIDO-rapido.rzp@hdfcbank-UTIB0000553-300213369360-Bike ride,300213369360,07/09/26,88.00,,61117.00
07/09/26,UPI-CAFE BY THE LANE-cafebythelane@paytm-UTIB0000553-285946774859-Payment,285946774859,07/09/26,201.00,,60916.00
08/09/26,UPI-JIO PREPAID-jio@sbi-SBIN0016209-456298390220-Data pack,456298390220,08/09/26,129.00,,60787.00
08/09/26,UPI-AMAZON PAY-amazonpay.rzp@hdfcbank-YESB0YBLUPI-308309949652-Order,308309949652,08/09/26,1524.00,,59263.00
08/09/26,UPI-RAPIDO-rapido.rzp@hdfcbank-HDFC0MERUPI-866598086064-Ride,866598086064,08/09/26,125.00,,59138.00
08/09/26,UPI-RAPIDO-rapido.rzp@hdfcbank-UTIB0000553-457756708782-Ride,457756708782,08/09/26,119.00,,59019.00
08/09/26,UPI-QUICK WASH LAUNDRY-quickwash@ybl-PYTM0123456-975571775056-Payment,975571775056,08/09/26,156.00,,58863.00
08/09/26,UPI-RAPIDO-rapido.rzp@hdfcbank-YESB0YBLUPI-386557394636-Ride,386557394636,08/09/26,113.00,,58750.00
08/09/26,UPI-ZOMATO-zomato-order@paytm-ICIC0DC0099-181908120563-Food order,181908120563,08/09/26,568.00,,58182.00
09/09/26,UPI-KFC-kfc.devyani@icici-YESB0YBLUPI-416776980035-Payment,416776980035,09/09/26,333.00,,57849.00
09/09/26,UPI-ZEPTO-zeptonow@icici-PYTM0123456-574906158911-Order,574906158911,09/09/26,921.00,,56928.00
09/09/26,ATM WDL-533696-SALT LAKE KOLKATA,411527533696,09/09/26,2500.00,,54428.00
09/09/26,UPI-ZOMATO-zomato-order@paytm-YESB0YBLUPI-913162304125-Food order,913162304125,09/09/26,481.00,,53947.00
10/09/26,UPI-JIO PREPAID-jio@sbi-PYTM0123456-793458381658-Data pack,793458381658,10/09/26,199.00,,53748.00
10/09/26,UPI-ZOMATO-zomato-order@paytm-ICIC0DC0099-454427023276-Food order,454427023276,10/09/26,202.00,,53546.00
10/09/26,UPI-LIFELINE MEDICAL HALL-lifelinemedical@ybl-YESB0YBLUPI-226887601502-Payment,226887601502,10/09/26,286.00,,53260.00
11/09/26,UPI-DOMINOS PIZZA-dominos.jfl@hdfcbank-YESB0YBLUPI-981357565677-Order,981357565677,11/09/26,996.00,,52264.00
11/09/26,UPI-AMAZON PAY-amazonpay.rzp@hdfcbank-UTIB0000553-962427797144-Order,962427797144,11/09/26,2798.00,,49466.00
11/09/26,UPI-TRENDS UNISEX SALON-trendssalon@okaxis-SBIN0016209-383650401834-Payment,383650401834,11/09/26,456.00,,49010.00
12/09/26,UPI-BIGBASKET-bigbasket.rzp@hdfcbank-SBIN0016209-660339751365-Order,660339751365,12/09/26,741.00,,48269.00
12/09/26,UPI-ZEPTO-zeptonow@icici-YESB0YBLUPI-957459877975-Order,957459877975,12/09/26,346.00,,47923.00
14/09/26,UPI-HP PETROL PUMP SALT LAKE-hppetrol.saltlake@sbi-YESB0YBLUPI-177375550847-Fuel,177375550847,14/09/26,388.00,,47535.00
14/09/26,UPI-AMAZON PAY-amazonpay.rzp@hdfcbank-PYTM0123456-879860971205-Order,879860971205,14/09/26,2730.00,,44805.00
14/09/26,UPI-RAPIDO-rapido.rzp@hdfcbank-YESB0YBLUPI-440431969363-Bike ride,440431969363,14/09/26,84.00,,44721.00
15/09/26,UPI-BLINKIT-blinkit.payu@hdfcbank-UTIB0000553-213243525403-Order,213243525403,15/09/26,673.00,,44048.00
16/09/26,UPI-LOKNATH GENERAL STORE-loknathstore@ybl-SBIN0016209-917540644906-Payment,917540644906,16/09/26,686.00,,43362.00
16/09/26,UPI-DOLMA MOMO CORNER-dolmamomo@ybl-YESB0YBLUPI-798499627968-Payment,798499627968,16/09/26,466.00,,42896.00
16/09/26,ATM WDL-762624-SALT LAKE KOLKATA,834652762624,16/09/26,2000.00,,40896.00
17/09/26,ATM WDL-827879-SALT LAKE KOLKATA,482989827879,17/09/26,1500.00,,39396.00
17/09/26,UPI-RAPIDO-rapido.rzp@hdfcbank-PYTM0123456-728313916866-Bike ride,728313916866,17/09/26,140.00,,39256.00
18/09/26,UPI-CROMA-croma.infiniti@hdfcbank-PYTM0123456-987384513777-Order,987384513777,18/09/26,9999.00,,29257.00
18/09/26,UPI-PHARMEASY-pharmeasy.rzp@hdfcbank-ICIC0DC0099-172335119295-Order,172335119295,18/09/26,427.00,,28830.00
18/09/26,UPI-BIGBASKET-bigbasket.rzp@hdfcbank-HDFC0MERUPI-763940864908-Order,763940864908,18/09/26,920.00,,27910.00
19/09/26,UPI-RAPIDO-rapido.rzp@hdfcbank-HDFC0MERUPI-185388793728-Ride,185388793728,19/09/26,106.00,,27804.00
19/09/26,UPI-CAFE BY THE LANE-cafebythelane@paytm-HDFC0MERUPI-633525316764-Payment,633525316764,19/09/26,1083.00,,26721.00
20/09/26,UPI-RAPIDO-rapido.rzp@hdfcbank-SBIN0016209-519371847175-Bike ride,519371847175,20/09/26,102.00,,26619.00
21/09/26,UPI-TRENDS UNISEX SALON-trendssalon@okaxis-SBIN0016209-207350528341-Payment,207350528341,21/09/26,220.00,,26399.00
22/09/26,ATM WDL-705523-SALT LAKE KOLKATA,417595705523,22/09/26,500.00,,25899.00
23/09/26,UPI-RAPIDO-rapido.rzp@hdfcbank-ICIC0DC0099-392664034047-Ride,392664034047,23/09/26,82.00,,25817.00
24/09/26,UPI-JIO PREPAID-jio@sbi-ICIC0DC0099-661432933258-Recharge,661432933258,24/09/26,699.00,,25118.00
25/09/26,UPI-BAPI TEA STALL-bapitea@paytm-PYTM0123456-394558392731-Payment,394558392731,25/09/26,84.00,,25034.00
27/09/26,UPI-INDIAN OIL FUEL STATION-iocl.fuelstn@icici-SBIN0016209-505352672973-Fuel,505352672973,27/09/26,1105.00,,23929.00
27/09/26,UPI-PRADIP KUMAR DAS-pradipkdas61@oksbi-PYTM0123456-490198199928-Home,490198199928,27/09/26,2270.00,,21659.00
27/09/26,UPI-HP PETROL PUMP SALT LAKE-hppetrol.saltlake@sbi-ICIC0DC0099-953873008411-Fuel,953873008411,27/09/26,813.00,,20846.00
28/09/26,NEFT-HDFCN68489407402-ABC TECH PVT LTD-SALARY SEP 2026,684894074026,28/09/26,,38000.00,58846.00
28/09/26,UPI-AMAZON PAY-amazonpay.rzp@hdfcbank-YESB0YBLUPI-453356711385-Order,453356711385,28/09/26,635.00,,58211.00
29/09/26,UPI-JIO PREPAID-jio@sbi-PYTM0123456-675500704072-Data pack,675500704072,29/09/26,159.00,,58052.00
29/09/26,UPI-BLINKIT-blinkit.payu@hdfcbank-PYTM0123456-384388492559-Order,384388492559,29/09/26,1282.00,,56770.00
29/09/26,UPI-PHARMEASY-pharmeasy.rzp@hdfcbank-HDFC0MERUPI-539565009622-Order,539565009622,29/09/26,593.00,,56177.00
29/09/26,UPI-RAPIDO-rapido.rzp@hdfcbank-YESB0YBLUPI-642760282161-Ride,642760282161,29/09/26,119.00,,56058.00
30/09/26,CREDIT INTEREST CAPITALISED SEP 2026,741711873082,30/09/26,,387.00,56445.00
30/09/26,UPI-FLIPKART-flipkart.payu@hdfcbank-UTIB0000553-416542438561-Order,416542438561,30/09/26,1778.00,,54667.00
30/09/26,UPI-SWIGGY-swiggy.rzp@hdfcbank-PYTM0123456-523692282152-Food order,523692282152,30/09/26,441.00,,54226.00
30/09/26,UPI-AMAZON PAY-amazonpay.rzp@hdfcbank-HDFC0MERUPI-822873202069-Order,822873202069,30/09/26,2542.00,,51684.00
30/09/26,UPI-ZOMATO-zomato-order@paytm-ICIC0DC0099-611420991305-Food order,611420991305,30/09/26,149.00,,51535.00
01/10/26,UPI-TRENDS UNISEX SALON-trendssalon@okaxis-UTIB0000553-861161634694-Payment,861161634694,01/10/26,308.00,,51227.00
02/10/26,UPI-RAPIDO-rapido.rzp@hdfcbank-UTIB0000553-603687202107-Bike ride,603687202107,02/10/26,122.00,,51105.00
02/10/26,UPI-RAPIDO-rapido.rzp@hdfcbank-PYTM0123456-312110741087-Bike ride,312110741087,02/10/26,86.00,,51019.00
03/10/26,UPI-BLINKIT-blinkit.payu@hdfcbank-ICIC0DC0099-179744736515-Order,179744736515,03/10/26,413.00,,50606.00
03/10/26,ATM WDL-502912-SALT LAKE KOLKATA,975061502912,03/10/26,2000.00,,48606.00
